[{"model": "service.service", "pk": "583ec8f2-9ef6-4e51-89bd-9af7f5fcea9c", "fields": {"name": "EUDAT Central Monitoring service", "description_external": "CMON is the central monitoring system providing information about the availability and reliability of running services. This system is also responsible to check availability status against SLAs.", "description_internal": "/", "service_area": "Operational and Central Services", "service_type": "Supporting service", "request_procedures": "/", "funders_for_service": "/", "value_to_customer": "/", "risks": "/", "competitors": "/", "id_service_owner": "6551ca6e-1e22-49ad-ada7-4804270bfe19", "id_contact_information": "8ce115e9-806a-4463-b997-2fb46fe11360"}}, {"model": "service.service", "pk": "88b35b0d-adc2-4a2e-b5fc-cae2d6f5456a", "fields": {"name": "B2SAFE", "description_external": "\"B2SAFE is a robust, safe and highly available service which allows community and departmental repositories to implement data management policies on their research data across multiple administrative domains in a trustworthy manner.  \nabstraction layer of large scale, heterogeneous data storages\nguards against data loss in long-term archiving\nallows to optimize access for users (e.g. from different regions)\nbrings data closer to facilities for compute-intensive analysis\n\"", "description_internal": "\"B2SAFE is a robust, safe and highly available service which allows community and departmental repositories to implement data management policies on their research data across multiple administrative domains in a trustworthy manner.  \r\nabstraction layer of large scale, heterogeneous data storages\r\nguards against data loss in long-term archiving\r\nallows to optimize access for users (e.g. from different regions)\r\nbrings data closer to facilities for compute-intensive analysis\r\n\"", "service_area": "Data hosting & management", "service_type": "Service provider", "request_procedures": "Joining the EUDAT CDI", "funders_for_service": "/", "value_to_customer": "Data replication  and safe storage  of your community data between geographically distributed centres", "risks": "/", "competitors": "/", "id_service_owner": "a9976cd2-14e4-47b7-9353-7e9faba2f200", "id_contact_information": "cb1a2e50-e49b-4b8d-b88b-d12fbc30f41b"}}, {"model": "service.service", "pk": "9985c4ee-bef1-46d5-ae00-e501bfa7bdd0", "fields": {"name": "B2HANDLE", "description_external": "B2HANDLE is the distributed services managing the provisioning of PIDs and namespaces. EUDAT has adopted Handle-based persistent identifiers. The service for managing, storing and accessing PIDs is B2HANDLE.", "description_internal": "The role of B2Handle is not entirely clear yet as it has so far not been an official EUDAT service offered to the outside yet.", "service_area": "Data hosting & management", "service_type": "Supporting service", "request_procedures": "/", "funders_for_service": "/", "value_to_customer": "long-lasting reference to a digital object stored at EUDAT.", "risks": "/", "competitors": "/", "id_service_owner": "cdb3b7bb-dc7b-4673-bf8c-0ecce197cc32", "id_contact_information": "63ab53b6-10ff-49a2-8290-a8439338f8e5"}}, {"model": "service.service", "pk": "f6148f39-4951-4915-87d7-5c6ce47aa79f", "fields": {"name": "EUDAT Service Portfolio Management System", "description_external": "The service portfolio Management system provides a interfaces  (API and a GUI) to the database that stores the service portfolio and service catalogue of EUDAT.  It facilitates insertion, storing and retrieval of the EUDAT service definitions. The service provides an RESTful API (JSON) for communication with 3rd party applications and a user friendly graphical user interface accessible via web browsers for the management of the service information by the different roles defined in the EUDAT Service Portfolio Management Process.", "description_internal": "The service portfolio Management system provides a interfaces  (API and a GUI) to the database that stores the service portfolio and service catalogue of EUDAT.  It facilitates insertion, storing and retrieval of the EUDAT service definitions. The service provides an RESTful API (JSON) for communication with 3rd party applications and a user friendly graphical user interface accessible via web browsers for the management of the service information by the different roles defined in the EUDAT Service Portfolio Management Process.", "service_area": "Service provider", "service_type": "None", "request_procedures": "None", "funders_for_service": "EUDAT2020 Project", "value_to_customer": "Facilitate the Service Portfolio Management Process and provide a service catalogue to cutomers and users", "risks": "None", "competitors": "None", "id_service_owner": "0ae6c7dc-874a-4cb7-9135-3da5edd5efd6", "id_contact_information": "7166dfad-082b-4e81-bf86-cae10af12cfd"}}, {"model": "service.servicedetails", "pk": "59662f51-5a7c-4a7f-93b0-3421d2ecb5b1", "fields": {"id_service": "9985c4ee-bef1-46d5-ae00-e501bfa7bdd0", "version": "0.1", "status": "Active", "features_current": "\"Features:                                                                                                                                        - unified technical interface for registration of PIDs - operational management of PID namespaces (prefixes)", "features_future": "\"Features:                                                                                                                                        - unified technical interface for registration of PIDs - operational management of PID namespaces (prefixes)", "usage_policy_has": false, "usage_policy_url": "/", "user_documentation_has": true, "user_documentation_url": "http://eudat.eu/services/userdoc/pids-in-eudat", "operations_documentation_has": false, "operations_documentation_url": "", "monitoring_has": true, "monitoring_url": "/", "accounting_has": false, "accounting_url": "/", "business_continuity_plan_has": false, "business_continuity_plan_url": "/", "disaster_recovery_plan_has": false, "disaster_recovery_plan_url": "/", "decommissioning_procedure_has": false, "decommissioning_procedure_url": "/", "cost_to_run": "/", "cost_to_build": "\"Before a community or data centre can create their own PIDs, they need to have a Handle prefix. In the production environment the prefix has to be purchased from a DONA foundation member, such as the Corporation for National Research Initiatives (CNRI) a", "use_cases": ""}}, {"model": "service.servicedetails", "pk": "823175e6-de78-43f0-a123-d756a2f2b7e5", "fields": {"id_service": "583ec8f2-9ef6-4e51-89bd-9af7f5fcea9c", "version": "V1.0", "status": "Active", "features_current": "http://eudat.eu/User%20Documentation%20-%20The%20EUDAT%20Monitoring%20system.html#UserDocumentation-TheEUDATMonitoringsystem-Features", "features_future": "/", "usage_policy_has": false, "usage_policy_url": "/", "user_documentation_has": true, "user_documentation_url": "http://eudat.eu/User%20Documentation%20-%20Monitoring%20System%20Operator%20View.html", "operations_documentation_has": false, "operations_documentation_url": "", "monitoring_has": false, "monitoring_url": "/", "accounting_has": false, "accounting_url": "/", "business_continuity_plan_has": false, "business_continuity_plan_url": "/", "disaster_recovery_plan_has": false, "disaster_recovery_plan_url": "/", "decommissioning_procedure_has": false, "decommissioning_procedure_url": "/", "cost_to_run": "/", "cost_to_build": "/", "use_cases": ""}}, {"model": "service.servicedetails", "pk": "a2c9c5e8-8df2-4f52-8e16-c0f57db86420", "fields": {"id_service": "f6148f39-4951-4915-87d7-5c6ce47aa79f", "version": "0.1", "status": "Planned", "features_current": "Under development", "features_future": "\"CRUD access to the service portfolio database RESTful API (JSON) provision Read only GUI to the service catalogue/portfolio Role Management and Authentication GUI for inserting information to the portfolio\"", "usage_policy_has": false, "usage_policy_url": "/", "user_documentation_has": false, "user_documentation_url": "/", "operations_documentation_has": false, "operations_documentation_url": "", "monitoring_has": false, "monitoring_url": "/", "accounting_has": false, "accounting_url": "/", "business_continuity_plan_has": false, "business_continuity_plan_url": "/", "disaster_recovery_plan_has": false, "disaster_recovery_plan_url": "/", "decommissioning_procedure_has": false, "decommissioning_procedure_url": "/", "cost_to_run": "Not speficied yet", "cost_to_build": "6PMs to cover EUDAT's requirements", "use_cases": ""}}, {"model": "service.servicedetails", "pk": "aa37cd70-c3e3-4334-a719-d467c22aed81", "fields": {"id_service": "88b35b0d-adc2-4a2e-b5fc-cae2d6f5456a", "version": "3.0", "status": "Active", "features_current": "\"Features:     - based on the execution of auditable data policy rules and the use of persistent identifiers (PIDs)    -  respects the rights of the data owners to define the access rights for their data and to decide how and when it is made publicly refe", "features_future": "Futurs Features:                                                                                                                          - data policies are centrally managed via a Data Policy Manager, and the policy rules are implemented and enforced by", "usage_policy_has": false, "usage_policy_url": "/", "user_documentation_has": true, "user_documentation_url": "http://eudat.eu/services/userdoc/configure-b2safe", "operations_documentation_has": false, "operations_documentation_url": "", "monitoring_has": true, "monitoring_url": "https://cmon.eudat.eu/nagvis_in_a_box.html", "accounting_has": false, "accounting_url": "/", "business_continuity_plan_has": false, "business_continuity_plan_url": "/", "disaster_recovery_plan_has": false, "disaster_recovery_plan_url": "/", "decommissioning_procedure_has": false, "decommissioning_procedure_url": "/", "cost_to_run": "Not specified", "cost_to_build": "Not specified", "use_cases": ""}}, {"model": "service.service_dependson_service", "pk": 1, "fields": {"id_service_one": "88b35b0d-adc2-4a2e-b5fc-cae2d6f5456a", "id_service_two": "9985c4ee-bef1-46d5-ae00-e501bfa7bdd0"}}, {"model": "owner.institution", "pk": "224fe496-5023-49e6-8953-19d5b1331333", "fields": {"name": "GRNET", "address": "Mesogeon av.", "country": "GREECE", "department": "Admin"}}, {"model": "owner.institution", "pk": "4fe36fee-271f-40bc-8adf-f1f03ac11df8", "fields": {"name": "RZG", "address": "/", "country": "Germany", "department": "Admin"}}, {"model": "owner.institution", "pk": "56da9c1f-1842-4158-8dfd-e2d2d01ace08", "fields": {"name": "Kiro", "address": "Pero", "country": "Macedonia", "department": "UJP"}}, {"model": "owner.institution", "pk": "72eee88a-aaa4-4d7b-86a4-4124e3a9d99c", "fields": {"name": "UKIM", "address": "/", "country": "Macedonia", "department": "/"}}, {"model": "owner.institution", "pk": "c17622ae-8e72-4806-ba62-e8bb656ed678", "fields": {"name": "DKRZ", "address": "/", "country": "Germany", "department": "Admin"}}, {"model": "owner.institution", "pk": "df3ab1f3-08d3-408a-bf00-532a41ccffa4", "fields": {"name": "CINECA", "address": "A", "country": "ITALY", "department": "Admin"}}, {"model": "owner.serviceowner", "pk": "0ae6c7dc-874a-4cb7-9135-3da5edd5efd6", "fields": {"first_name": "Ioannis", "last_name": "Liabotis", "email": "agora-eudat@lists.grnet.gr", "phone": "000", "id_service_owner": "224fe496-5023-49e6-8953-19d5b1331333"}}, {"model": "owner.serviceowner", "pk": "3cac63c1-a8d1-4178-aa8a-cd149696532d", "fields": {"first_name": "asdf", "last_name": "asdfa", "email": "pero@pero.com", "phone": "12312", "id_service_owner": "56da9c1f-1842-4158-8dfd-e2d2d01ace08"}}, {"model": "owner.serviceowner", "pk": "6551ca6e-1e22-49ad-ada7-4804270bfe19", "fields": {"first_name": "Chritof", "last_name": "Hanke", "email": "christof.hanke@rzg.mpg.de", "phone": "000", "id_service_owner": "4fe36fee-271f-40bc-8adf-f1f03ac11df8"}}, {"model": "owner.serviceowner", "pk": "a9976cd2-14e4-47b7-9353-7e9faba2f200", "fields": {"first_name": "Claudio", "last_name": "Cacciari", "email": "c.cacciari@cineca.it", "phone": "000", "id_service_owner": "df3ab1f3-08d3-408a-bf00-532a41ccffa4"}}, {"model": "owner.serviceowner", "pk": "cdb3b7bb-dc7b-4673-bf8c-0ecce197cc32", "fields": {"first_name": "Tobias", "last_name": "Weigel", "email": "weigel@dkrz.de", "phone": "000", "id_service_owner": "c17622ae-8e72-4806-ba62-e8bb656ed678"}}, {"model": "owner.contactinformation", "pk": "264fbac7-2bf0-4b9a-b182-293e65d599ce", "fields": {"first_name": "Pero", "last_name": "Nakov", "email": "nakov@pero.com", "phone": "123123", "url": "pero.coma"}}, {"model": "owner.contactinformation", "pk": "63ab53b6-10ff-49a2-8290-a8439338f8e5", "fields": {"first_name": "Tobias", "last_name": "Weigel", "email": "weigel@dkrz.de", "phone": "000", "url": "/"}}, {"model": "owner.contactinformation", "pk": "7166dfad-082b-4e81-bf86-cae10af12cfd", "fields": {"first_name": "Ioannis", "last_name": "Liabotis", "email": "agora-eudat@lists.grnet.gr", "phone": "000", "url": "http://a.b.c/"}}, {"model": "owner.contactinformation", "pk": "8ce115e9-806a-4463-b997-2fb46fe11360", "fields": {"first_name": "Christof", "last_name": "Hanke", "email": "christof.hanke@rzg.mpg.de", "phone": "000", "url": "/"}}, {"model": "owner.contactinformation", "pk": "cb1a2e50-e49b-4b8d-b88b-d12fbc30f41b", "fields": {"first_name": "Claudio", "last_name": "Cacciari", "email": "eudat-safereplication@postit.csc.fi", "phone": "000", "url": "http://eudat.eu/support-request?Service=B2SAFE"}}, {"model": "owner.external", "pk": 1, "fields": {"id_contact_info": "264fbac7-2bf0-4b9a-b182-293e65d599ce"}}, {"model": "options.serviceoption", "pk": "0eb16991-f687-438e-9476-9ae45708d385", "fields": {"name": "With Data Policy Manager", "description": "If we consider the DPM as part of the B2SAFE, then it would be more clear to define an explicit option which include it", "pricing": "Not specified yet"}}, {"model": "options.serviceoption", "pk": "61c31958-412f-43cf-be19-1f59ea89d0ee", "fields": {"name": "Standard", "description": "Standard options", "pricing": "Not specified yet"}}, {"model": "options.serviceoption", "pk": "b5948424-e79e-484d-b8e6-3e7a4dc22f75", "fields": {"name": "Opcija 1", "description": "asdfasdfa", "pricing": "3"}}, {"model": "options.sla", "pk": "2e41a9ad-2e75-4c20-8a8d-7b08de4371fb", "fields": {"service_option_id": "b5948424-e79e-484d-b8e6-3e7a4dc22f75", "name": "asdfsfdfas"}}, {"model": "options.parameter", "pk": "ce9da07f-4b48-4d64-9dcc-2aeb41cec177", "fields": {"name": "param", "type": "param", "expression": "param"}}, {"model": "options.slaparameter", "pk": 1, "fields": {"parameter_id": "ce9da07f-4b48-4d64-9dcc-2aeb41cec177", "sla_id": "2e41a9ad-2e75-4c20-8a8d-7b08de4371fb", "service_option_id": "b5948424-e79e-484d-b8e6-3e7a4dc22f75"}}, {"model": "component.servicecomponent", "pk": "215e239a-4a12-4de0-b362-99b6a88fb6d3", "fields": {"name": "Common Services Layer Interface (CSLI)", "description": "(additionnal building block)  web-services and an HTTP API."}}, {"model": "component.servicecomponent", "pk": "2a732115-57fc-40e8-a5f1-e4a8150c4337", "fields": {"name": "IT systems monitoring (Nagios)", "description": "IT systems monitoring (Nagios)"}}, {"model": "component.servicecomponent", "pk": "3587cb98-a3b2-4d4d-a240-b48f0a287c37", "fields": {"name": "Web server", "description": "nginx"}}, {"model": "component.servicecomponent", "pk": "3fa0bece-3e12-40ca-8345-1af82bf5f471", "fields": {"name": "Application framework", "description": "Python/Django"}}, {"model": "component.servicecomponent", "pk": "56601d76-c1e2-488c-a812-dba8e5508c29", "fields": {"name": "Database", "description": "MYSQL"}}, {"model": "component.servicecomponent", "pk": "5e257f79-29aa-4075-89c6-4609830259f5", "fields": {"name": "DONA Handle System server (version 7/8)", "description": "DONA Handle System server (version 7/8)"}}, {"model": "component.servicecomponent", "pk": "6a9d7125-a997-4338-bbbc-b4c80e03bcd6", "fields": {"name": "Policy Driven Data Management System (IRODS 4.0)", "description": "Data grid software system"}}, {"model": "component.servicecomponent", "pk": "912f1b2d-16b8-44db-a8b2-e5e996111e6d", "fields": {"name": "B2SAFE core package", "description": "I'm not sure if we want to consider this module as a separate component. Anyway it is deployed as separate rpm/deb package on top of iRODS: it contains a set of rules and a set of python scripts to enable the B2SAFE features."}}, {"model": "component.servicecomponent", "pk": "94a0ee67-2047-4820-961c-c3ffbfae1517", "fields": {"name": "Data Policy Manager (B2Safe-DPM)", "description": "The DPM interface allows users to create , list all the policies they are permitted to see and download policies. The users needs to be a valid community manager and needs to register with the DPM."}}, {"model": "component.servicecomponent", "pk": "af2f812b-eda6-497a-9d22-534f885b7034", "fields": {"name": "Komponenta 1", "description": "Pero"}}, {"model": "component.servicecomponentimplementation", "pk": "bac1cb25-f24e-4cea-a2e8-d94b27a2e169", "fields": {"component_id": "af2f812b-eda6-497a-9d22-534f885b7034", "name": "Implementacija 1", "description": "asdfasd"}}, {"model": "component.servicecomponentimplementationdetail", "pk": "c2a8244c-7c68-4cde-8e64-7e9fc756336f", "fields": {"component_id": "af2f812b-eda6-497a-9d22-534f885b7034", "component_implementation_id": "bac1cb25-f24e-4cea-a2e8-d94b27a2e169", "name": "detal 1", "description": "asdf"}}]