[{"model": "sites.site", "pk": 2, "fields": {"domain": "example.com", "name": "example.com"}}, {"model": "owner.contactinformation", "pk": "60ef80d0-7aa9-4085-8365-5e87cf159f55", "fields": {"first_name": "Owen", "last_name": "Appleton", "email": "owen.appleton@egi.eu", "phone": "6660123456789", "position": "Service Portfolio Manager", "organisation": "89216ca6-9740-4b71-86e4-d8d17ed4edf1"}}, {"model": "owner.contactinformation", "pk": "a4525192-30f3-4cd6-91c1-a8d48bf49289", "fields": {"first_name": "Public", "last_name": "Contact", "email": "info@egi.eu", "phone": "000", "position": "-", "organisation": "89216ca6-9740-4b71-86e4-d8d17ed4edf1"}}, {"model": "owner.contactinformation", "pk": "bc636212-4710-4aff-955e-ae46f9ddfcf2", "fields": {"first_name": "Public", "last_name": "Contact", "email": "info@eudat.nl", "phone": "00", "position": "-", "organisation": "89baefa0-fe82-4166-a206-408f94af78b6"}}, {"model": "owner.contactinformation", "pk": "f1c1a507-81c4-46f5-9238-1fd09dd0afa6", "fields": {"first_name": "Mark", "last_name": "Van De Sanden", "email": "mark.vandesanden@surfsara.nl", "phone": "00", "position": "Service Portfolio Manager", "organisation": "89baefa0-fe82-4166-a206-408f94af78b6"}}, {"model": "service.targetuser", "pk": "3d840ff1-d5dc-496b-a10f-1c23a1bac49b", "fields": {"user": "Research groups", "description": "A research group is a group of researchers working together on a particular issue or topic. Research groups may be composed of researchers all from the same subject/discipline or from different subjects/disciplines."}}, {"model": "service.targetuser", "pk": "406b8a08-bb16-4e0d-b6c1-365c93ac9f47", "fields": {"user": "Provider Managers", "description": "A resource provider manager is an individual within an organisation that is responsible for the quality of the resources provided and monitors the delivery of the resource."}}, {"model": "service.targetuser", "pk": "47568a8b-b704-4f3b-940e-afe03a87fb86", "fields": {"user": "Research managers", "description": "Someone in an organization whose job is to manage a research initiative aiming to the development of new scientific results, products or ideas."}}, {"model": "service.targetuser", "pk": "5be9b0f5-5921-482f-a6bf-c617d47a006b", "fields": {"user": "Businesses", "description": "An organization or economic system where goods and services are exchanged for one another or for money. Businesses can be privately owned, not-for-profit or state-owned."}}, {"model": "service.targetuser", "pk": "5dd014bb-0cb9-44a0-92e3-48b0d6c1117f", "fields": {"user": "Funders", "description": "Individual or organization financing a part or all of a project's cost as a grant, investment, or loan."}}, {"model": "service.targetuser", "pk": "87c613d3-d8fd-4581-a079-c3b5ac6e7408", "fields": {"user": "Innovators", "description": "The group or individual which is the first to try new ideas, processes, goods and services. Innovators are followed by early adopters, early majority, late majority, and laggards, in that order."}}, {"model": "service.targetuser", "pk": "9507c6c6-beee-4bc5-b61b-eb3bd1066d5f", "fields": {"user": "Students", "description": "A person who is studying at a university or other place of higher education."}}, {"model": "service.targetuser", "pk": "9fb6605f-cf3e-468d-9355-0c44c7fe4c8f", "fields": {"user": "Policy Makers", "description": "Individuals (usually members of the board of directors) who have the authority to set the policy framework of an organization."}}, {"model": "service.targetuser", "pk": "a3a799bc-1d78-4b76-9542-3651a69573b3", "fields": {"user": "Research projects", "description": "A privately or publicly funded project on a research topic."}}, {"model": "service.targetuser", "pk": "a638d8d5-123c-4475-a820-ca28cb9146b6", "fields": {"user": "Providers", "description": "A resource provider is an organisation that provides different kind of solutions and/or services or other resources to end users and other organizations. This broad term incorporates all businesses and organisations that provide products and solutions that are offered for free, on-demand, pay per use or a hybrid delivery model."}}, {"model": "service.targetuser", "pk": "ae6bdfd4-95f5-4019-8fa9-1bae6c59d4fa", "fields": {"user": "Researchers", "description": "Someone who conducts scientific research, i.e., an organized and systematic investigation by using scientific methods."}}, {"model": "service.targetuser", "pk": "ba5b9400-cc4f-414e-ad44-15e70b22a941", "fields": {"user": "Research Infrastructure Managers", "description": "A RI Manager is a type of Project Coordinator who specializes in research infrastructures. They are responsible for things like managing researchers, making sure costs are on budget and serving as a liaison between reserach staff and project stakeholders."}}, {"model": "service.targetuser", "pk": "c98aaa8a-17e0-4fc0-ad69-bc80a5dfe824", "fields": {"user": "Resource Managers", "description": "Resource Managers are typically responsible for managing resource/service level agreements with customers and external service providers."}}, {"model": "service.targetuser", "pk": "f027ffbd-0ae4-4fe5-aecb-6a0c6f26cd40", "fields": {"user": "Other", "description": null}}, {"model": "service.targetuser", "pk": "f16ba466-da13-4de6-8c76-0c5b5f2a013f", "fields": {"user": "Research organisations", "description": "A public or private legal entity (e.g. academia, business, industry, public services, etc.) representing the User."}}, {"model": "service.targetuser", "pk": "f4203822-4607-4241-ba6c-079eb3e4256e", "fields": {"user": "Research networks", "description": "Research networks aim to stimulate interaction between researchers and promote information exchange."}}, {"model": "service.targetuser", "pk": "fccaedbc-85b6-46b0-9767-bc03bab46924", "fields": {"user": "Research communities", "description": "Research communities provide an infrastructure through which scientists of discipline-specific scientific areas are able to advance their research goals, reaching out to other researchers."}}, {"model": "service.supercategory", "pk": "35a2d688-739b-431b-b856-e5ac26ea7a53", "fields": {"name": "Security & Operations"}}, {"model": "service.supercategory", "pk": "6c609f4c-22ea-44ae-967f-c8921cbf84b0", "fields": {"name": "Sharing & Discovery"}}, {"model": "service.supercategory", "pk": "a5e189dc-989f-448a-b84f-eb587a3331c3", "fields": {"name": "Aggregators & Integrators"}}, {"model": "service.supercategory", "pk": "d4dca882-2738-4d35-b3ec-3d7767b26a10", "fields": {"name": "Training & Support"}}, {"model": "service.supercategory", "pk": "de968f83-3d9b-4f2e-b729-6d8a6ea80e89", "fields": {"name": "Processing & Analysis"}}, {"model": "service.supercategory", "pk": "ef1e6a6b-22f3-48d7-8386-d66ab524d784", "fields": {"name": "Access physical & e-Infrastructures"}}, {"model": "service.supercategory", "pk": "f842c49c-db1e-4984-b36f-1bdc7afb5741", "fields": {"name": "Other"}}, {"model": "service.category", "pk": "063268e6-e990-44e2-af1d-5d1711caba89", "fields": {"supercategory": "35a2d688-739b-431b-b856-e5ac26ea7a53", "name": "Security & Identity"}}, {"model": "service.category", "pk": "09148c1e-775a-4925-9e5c-3df2375cb9d8", "fields": {"supercategory": "6c609f4c-22ea-44ae-967f-c8921cbf84b0", "name": "Data"}}, {"model": "service.category", "pk": "0e22ebcf-1545-4662-983c-8e2b9f5bed83", "fields": {"supercategory": "ef1e6a6b-22f3-48d7-8386-d66ab524d784", "name": "Material Storage"}}, {"model": "service.category", "pk": "133d9c60-ef9e-4cb4-9dba-13a38048637c", "fields": {"supercategory": "d4dca882-2738-4d35-b3ec-3d7767b26a10", "name": "Consultancy & Support"}}, {"model": "service.category", "pk": "1abceb33-321b-479d-ba0a-0c05c5b6012e", "fields": {"supercategory": "6c609f4c-22ea-44ae-967f-c8921cbf84b0", "name": "Scholarly Communication"}}, {"model": "service.category", "pk": "3d15ab28-c8e9-4ed3-8db0-552159d14300", "fields": {"supercategory": "ef1e6a6b-22f3-48d7-8386-d66ab524d784", "name": "test"}}, {"model": "service.category", "pk": "3ddaf0af-4e7e-4c23-86ef-d5db4ae5312c", "fields": {"supercategory": "ef1e6a6b-22f3-48d7-8386-d66ab524d784", "name": "Data Storage"}}, {"model": "service.category", "pk": "48b736ef-9541-45de-a1e1-dea2f98f1891", "fields": {"supercategory": "35a2d688-739b-431b-b856-e5ac26ea7a53", "name": "Operations & Infrastructure Management Services"}}, {"model": "service.category", "pk": "59aeb559-7952-4852-9421-ce44e79538bc", "fields": {"supercategory": "6c609f4c-22ea-44ae-967f-c8921cbf84b0", "name": "Samples"}}, {"model": "service.category", "pk": "5ad63f0b-e3bf-4544-8d4c-30f0a1808db2", "fields": {"supercategory": "6c609f4c-22ea-44ae-967f-c8921cbf84b0", "name": "Applications"}}, {"model": "service.category", "pk": "7c4b272b-6f58-4778-9eba-5fbac6cc9fa3", "fields": {"supercategory": "d4dca882-2738-4d35-b3ec-3d7767b26a10", "name": "Education & Training"}}, {"model": "service.category", "pk": "941eea82-491a-46db-92ef-bd25cbb4060c", "fields": {"supercategory": "ef1e6a6b-22f3-48d7-8386-d66ab524d784", "name": "Instrument & Equipment"}}, {"model": "service.category", "pk": "94d4e542-f996-4bb1-b4de-d57d2430e7fb", "fields": {"supercategory": "de968f83-3d9b-4f2e-b729-6d8a6ea80e89", "name": "Data Analysis"}}, {"model": "service.category", "pk": "9db04160-522e-4785-bbf7-ab82b3c434f7", "fields": {"supercategory": "ef1e6a6b-22f3-48d7-8386-d66ab524d784", "name": "Network"}}, {"model": "service.category", "pk": "a05700b7-81a8-476c-9ba3-c3952092280a", "fields": {"supercategory": "6c609f4c-22ea-44ae-967f-c8921cbf84b0", "name": "Software"}}, {"model": "service.category", "pk": "a5d1f298-abd7-4b31-94ba-58cb8eb1d44a", "fields": {"supercategory": "de968f83-3d9b-4f2e-b729-6d8a6ea80e89", "name": "Measurement & Materials Analysis"}}, {"model": "service.category", "pk": "abad8012-42f9-4c70-94e1-dd58d0e934ab", "fields": {"supercategory": "a5e189dc-989f-448a-b84f-eb587a3331c3", "name": "Aggregators & Integrators"}}, {"model": "service.category", "pk": "dca17a04-2569-406f-8609-465716a685ce", "fields": {"supercategory": "de968f83-3d9b-4f2e-b729-6d8a6ea80e89", "name": "Data Management"}}, {"model": "service.category", "pk": "e331cddc-2644-465c-981d-0e3eeceaedf4", "fields": {"supercategory": "6c609f4c-22ea-44ae-967f-c8921cbf84b0", "name": "Development Resources"}}, {"model": "service.category", "pk": "ee0c7cb0-e861-4de3-9319-074015419d4f", "fields": {"supercategory": "ef1e6a6b-22f3-48d7-8386-d66ab524d784", "name": "Compute"}}, {"model": "service.subcategory", "pk": "0428a8e9-4b66-4d96-bb50-98a6baa126d6", "fields": {"category": "dca17a04-2569-406f-8609-465716a685ce", "name": "Digitisation"}}, {"model": "service.subcategory", "pk": "044ab873-fefe-421a-8c6f-ea1801bec5c3", "fields": {"category": "133d9c60-ef9e-4cb4-9dba-13a38048637c", "name": "Software Development"}}, {"model": "service.subcategory", "pk": "089376f5-5c23-40d0-b6c4-764bec09873c", "fields": {"category": "48b736ef-9541-45de-a1e1-dea2f98f1891", "name": "Coordination"}}, {"model": "service.subcategory", "pk": "08e73d73-72ee-4ad5-b569-1ef0e8d0bd4c", "fields": {"category": "1abceb33-321b-479d-ba0a-0c05c5b6012e", "name": "Analysis"}}, {"model": "service.subcategory", "pk": "0aff19a0-617f-445b-a78f-1d510aa43744", "fields": {"category": "5ad63f0b-e3bf-4544-8d4c-30f0a1808db2", "name": "Utilities"}}, {"model": "service.subcategory", "pk": "0e1b565f-9aeb-4e33-b22f-a64160492511", "fields": {"category": "941eea82-491a-46db-92ef-bd25cbb4060c", "name": "Radiation"}}, {"model": "service.subcategory", "pk": "0f142895-17e7-4d49-ba6c-1be0c1546c83", "fields": {"category": "3ddaf0af-4e7e-4c23-86ef-d5db4ae5312c", "name": "TBC"}}, {"model": "service.subcategory", "pk": "137c6c90-2265-4135-a668-71c399386fdc", "fields": {"category": "dca17a04-2569-406f-8609-465716a685ce", "name": "Annotation"}}, {"model": "service.subcategory", "pk": "17705af4-0a3a-4298-af28-546bfa7c7950", "fields": {"category": "5ad63f0b-e3bf-4544-8d4c-30f0a1808db2", "name": "Communication"}}, {"model": "service.subcategory", "pk": "1a421add-0ec8-4b36-bf4a-028a906f23c2", "fields": {"category": "ee0c7cb0-e861-4de3-9319-074015419d4f", "name": "Virtual Machine Management"}}, {"model": "service.subcategory", "pk": "1aebc230-c21d-4a29-b402-04a7985e0221", "fields": {"category": "abad8012-42f9-4c70-94e1-dd58d0e934ab", "name": "Services & Data"}}, {"model": "service.subcategory", "pk": "1bb4d6b2-c781-41bb-bbf6-faf22d3665c6", "fields": {"category": "a5d1f298-abd7-4b31-94ba-58cb8eb1d44a", "name": "TBC"}}, {"model": "service.subcategory", "pk": "1cb35551-5216-45c9-9d4c-20544765087f", "fields": {"category": "7c4b272b-6f58-4778-9eba-5fbac6cc9fa3", "name": "In-house Courses"}}, {"model": "service.subcategory", "pk": "1d4a7dcf-fbb4-44aa-a592-ec525ee9492d", "fields": {"category": "48b736ef-9541-45de-a1e1-dea2f98f1891", "name": "Configuration"}}, {"model": "service.subcategory", "pk": "1ef6e209-9444-4f2d-be26-541d01095e14", "fields": {"category": "abad8012-42f9-4c70-94e1-dd58d0e934ab", "name": "Services & Applications & Data"}}, {"model": "service.subcategory", "pk": "1f7296d5-b5cb-4663-8cc7-f11cc03d3204", "fields": {"category": "133d9c60-ef9e-4cb4-9dba-13a38048637c", "name": "Software Improvement"}}, {"model": "service.subcategory", "pk": "240ce967-b92d-45a2-93be-5fc98180a0bd", "fields": {"category": "dca17a04-2569-406f-8609-465716a685ce", "name": "Interlinking"}}, {"model": "service.subcategory", "pk": "279053b3-0625-412c-8f12-cfd3a4e5a025", "fields": {"category": "ee0c7cb0-e861-4de3-9319-074015419d4f", "name": "Serverless Applications Repository"}}, {"model": "service.subcategory", "pk": "2a913d88-4933-414f-b8f1-c23e4ee5dcae", "fields": {"category": "1abceb33-321b-479d-ba0a-0c05c5b6012e", "name": "Preparation"}}, {"model": "service.subcategory", "pk": "2ae74b22-2b7e-4ea3-b671-9f7051423c02", "fields": {"category": "59aeb559-7952-4852-9421-ce44e79538bc", "name": "Biological samples"}}, {"model": "service.subcategory", "pk": "2aee5bc1-84ab-413f-83a4-3f4d319941c5", "fields": {"category": "a05700b7-81a8-476c-9ba3-c3952092280a", "name": "Software Package"}}, {"model": "service.subcategory", "pk": "2b251279-196b-41d1-99fb-619c6c7870f7", "fields": {"category": "dca17a04-2569-406f-8609-465716a685ce", "name": "Embargo"}}, {"model": "service.subcategory", "pk": "2ccebe27-6d42-45e9-85a3-3f0f63d54482", "fields": {"category": "94d4e542-f996-4bb1-b4de-d57d2430e7fb", "name": "2D/3D Digitisation"}}, {"model": "service.subcategory", "pk": "2d11abdf-58ad-4a6e-a93c-6937c0b02a63", "fields": {"category": "dca17a04-2569-406f-8609-465716a685ce", "name": "Mining"}}, {"model": "service.subcategory", "pk": "2f0abe8b-27b6-408a-80a7-5e9940fed83a", "fields": {"category": "5ad63f0b-e3bf-4544-8d4c-30f0a1808db2", "name": "Applications Repository"}}, {"model": "service.subcategory", "pk": "30c286c2-df3c-46a8-95cb-b8b68bc326fa", "fields": {"category": "5ad63f0b-e3bf-4544-8d4c-30f0a1808db2", "name": "Business"}}, {"model": "service.subcategory", "pk": "30c2ad51-6d18-42b6-8021-38a281192531", "fields": {"category": "a05700b7-81a8-476c-9ba3-c3952092280a", "name": "Libraries"}}, {"model": "service.subcategory", "pk": "3360495a-2dcc-48ec-900f-84cc0b19b2d4", "fields": {"category": "48b736ef-9541-45de-a1e1-dea2f98f1891", "name": "Billing"}}, {"model": "service.subcategory", "pk": "33eec6c5-6471-462f-8bf0-54df382b0846", "fields": {"category": "941eea82-491a-46db-92ef-bd25cbb4060c", "name": "TBC"}}, {"model": "service.subcategory", "pk": "354d65ef-f40b-4123-9f7c-ee83107c5e4f", "fields": {"category": "abad8012-42f9-4c70-94e1-dd58d0e934ab", "name": "Services & Software & Data"}}, {"model": "service.subcategory", "pk": "3783b972-0709-47eb-bdae-4a36eea5d487", "fields": {"category": "063268e6-e990-44e2-af1d-5d1711caba89", "name": "User authentication"}}, {"model": "service.subcategory", "pk": "394cba3a-211a-4b27-ba65-c5080fd93d2a", "fields": {"category": "dca17a04-2569-406f-8609-465716a685ce", "name": "Access"}}, {"model": "service.subcategory", "pk": "396a64ce-d3d1-4b40-8456-04ec31355254", "fields": {"category": "3ddaf0af-4e7e-4c23-86ef-d5db4ae5312c", "name": "Data"}}, {"model": "service.subcategory", "pk": "39c4e08f-270b-4100-baf3-fca697161cf2", "fields": {"category": "a5d1f298-abd7-4b31-94ba-58cb8eb1d44a", "name": "Maintenance and Modification"}}, {"model": "service.subcategory", "pk": "3a109310-5194-4f71-ad53-f4b2e0661f3a", "fields": {"category": "133d9c60-ef9e-4cb4-9dba-13a38048637c", "name": "Benchmarking"}}, {"model": "service.subcategory", "pk": "3a4aa431-4a7b-41ee-94be-0c7b643bd421", "fields": {"category": "e331cddc-2644-465c-981d-0e3eeceaedf4", "name": "Developer Tools"}}, {"model": "service.subcategory", "pk": "3ef168e0-124a-42de-b2bb-f9f498fe392b", "fields": {"category": "3ddaf0af-4e7e-4c23-86ef-d5db4ae5312c", "name": "Digital preservation"}}, {"model": "service.subcategory", "pk": "3f5f709e-e14f-4309-8979-4311615f13cb", "fields": {"category": "abad8012-42f9-4c70-94e1-dd58d0e934ab", "name": "Software & Data"}}, {"model": "service.subcategory", "pk": "41e850f3-a7cf-4176-bc59-f8dce17b01a2", "fields": {"category": "abad8012-42f9-4c70-94e1-dd58d0e934ab", "name": "Services & Applications & Software & Data"}}, {"model": "service.subcategory", "pk": "4276a8d9-dca8-4d03-aa57-d5698b27c0a3", "fields": {"category": "063268e6-e990-44e2-af1d-5d1711caba89", "name": "Tools"}}, {"model": "service.subcategory", "pk": "44d0057b-76e9-4c89-964b-276b24fa0f28", "fields": {"category": "5ad63f0b-e3bf-4544-8d4c-30f0a1808db2", "name": "Social/Networking"}}, {"model": "service.subcategory", "pk": "4558b08c-6e47-49c3-93e4-707c2f433ddd", "fields": {"category": "133d9c60-ef9e-4cb4-9dba-13a38048637c", "name": "Audit and Assessment"}}, {"model": "service.subcategory", "pk": "4773571f-13dd-4e81-849a-5ae415f80faf", "fields": {"category": "ee0c7cb0-e861-4de3-9319-074015419d4f", "name": "Job Execution"}}, {"model": "service.subcategory", "pk": "486255d6-a361-4ddb-ae93-7e796a22fb3b", "fields": {"category": "dca17a04-2569-406f-8609-465716a685ce", "name": "Discovery"}}, {"model": "service.subcategory", "pk": "4af66572-2847-4d9a-bb4b-70c800638021", "fields": {"category": "dca17a04-2569-406f-8609-465716a685ce", "name": "Anonymisation"}}, {"model": "service.subcategory", "pk": "4c93047b-1e9d-4750-9e37-101a39a81514", "fields": {"category": "ee0c7cb0-e861-4de3-9319-074015419d4f", "name": "Container Management"}}, {"model": "service.subcategory", "pk": "4de96b53-321a-4439-aa2f-fbf9a11677af", "fields": {"category": "063268e6-e990-44e2-af1d-5d1711caba89", "name": "Single Sign-On"}}, {"model": "service.subcategory", "pk": "4dfd6b1f-0b94-4b93-b20a-24834af526bc", "fields": {"category": "48b736ef-9541-45de-a1e1-dea2f98f1891", "name": "Transportation"}}, {"model": "service.subcategory", "pk": "4e8f9854-9dd1-4e95-bbca-0ed87ed050ec", "fields": {"category": "9db04160-522e-4785-bbf7-ab82b3c434f7", "name": "VPN Gateway"}}, {"model": "service.subcategory", "pk": "4f1e3596-c1ec-46b9-bb6b-4e657f92af8b", "fields": {"category": "1abceb33-321b-479d-ba0a-0c05c5b6012e", "name": "Discovery"}}, {"model": "service.subcategory", "pk": "50f2d8c4-b618-4ace-821f-852b7df91d75", "fields": {"category": "941eea82-491a-46db-92ef-bd25cbb4060c", "name": "Digitisation equipment"}}, {"model": "service.subcategory", "pk": "56189f68-4510-40b4-b26f-b6281d9d5019", "fields": {"category": "59aeb559-7952-4852-9421-ce44e79538bc", "name": "Chemical compounds library"}}, {"model": "service.subcategory", "pk": "5662785b-49e8-43af-bc38-6827aa6f2896", "fields": {"category": "09148c1e-775a-4925-9e5c-3df2375cb9d8", "name": "Data archives"}}, {"model": "service.subcategory", "pk": "577bbbe9-3ebc-4f04-8927-48365477d93c", "fields": {"category": "59aeb559-7952-4852-9421-ce44e79538bc", "name": "Characterisation"}}, {"model": "service.subcategory", "pk": "58a90b2b-f43b-4475-9f08-9177b214ca0e", "fields": {"category": "dca17a04-2569-406f-8609-465716a685ce", "name": "Preservation"}}, {"model": "service.subcategory", "pk": "5b4eed97-e774-4025-aad7-23694ede67d6", "fields": {"category": "941eea82-491a-46db-92ef-bd25cbb4060c", "name": "Microscopy"}}, {"model": "service.subcategory", "pk": "5b779917-7b15-4ba7-ac61-2a983573156a", "fields": {"category": "48b736ef-9541-45de-a1e1-dea2f98f1891", "name": "Order Management"}}, {"model": "service.subcategory", "pk": "5cc6515e-0ac2-416a-b690-bf88c69e378a", "fields": {"category": "5ad63f0b-e3bf-4544-8d4c-30f0a1808db2", "name": "Education"}}, {"model": "service.subcategory", "pk": "5cd379b8-d2a7-46be-a9c8-db85a5f66383", "fields": {"category": "7c4b272b-6f58-4778-9eba-5fbac6cc9fa3", "name": "Required Training"}}, {"model": "service.subcategory", "pk": "5e5fa149-62c2-4ec7-ad0a-d0f62a14a237", "fields": {"category": "3ddaf0af-4e7e-4c23-86ef-d5db4ae5312c", "name": "Queue"}}, {"model": "service.subcategory", "pk": "5f2f230c-e8b0-4a36-8043-9fe58a4e3a37", "fields": {"category": "063268e6-e990-44e2-af1d-5d1711caba89", "name": "Coordination"}}, {"model": "service.subcategory", "pk": "60b581d7-c8f7-4958-a47a-0639379a4f95", "fields": {"category": "09148c1e-775a-4925-9e5c-3df2375cb9d8", "name": "Government and agency data"}}, {"model": "service.subcategory", "pk": "618dd0fb-b6ed-43cb-b996-30d95658c7b8", "fields": {"category": "abad8012-42f9-4c70-94e1-dd58d0e934ab", "name": "Applications & Data"}}, {"model": "service.subcategory", "pk": "61ba5f03-fdbd-47d9-a2b0-3eef2ef02c05", "fields": {"category": "941eea82-491a-46db-92ef-bd25cbb4060c", "name": "Geophysical"}}, {"model": "service.subcategory", "pk": "65982d86-6715-477c-8426-3950cd073448", "fields": {"category": "09148c1e-775a-4925-9e5c-3df2375cb9d8", "name": "Statistical data"}}, {"model": "service.subcategory", "pk": "6631946a-e360-4170-a1a9-33c4676ff731", "fields": {"category": "a05700b7-81a8-476c-9ba3-c3952092280a", "name": "Software Repository"}}, {"model": "service.subcategory", "pk": "673a2b84-b3b8-45cb-b965-fde03df6f04a", "fields": {"category": "dca17a04-2569-406f-8609-465716a685ce", "name": "Registration"}}, {"model": "service.subcategory", "pk": "6c3bbc96-fe10-46bf-8408-038360681412", "fields": {"category": "133d9c60-ef9e-4cb4-9dba-13a38048637c", "name": "Prototype Development"}}, {"model": "service.subcategory", "pk": "6ed7edd2-7b87-4765-9fb8-772f78b9d2bb", "fields": {"category": "063268e6-e990-44e2-af1d-5d1711caba89", "name": "Certification authority"}}, {"model": "service.subcategory", "pk": "6f59de22-a992-4d2b-bee3-f0c07cb06494", "fields": {"category": "1abceb33-321b-479d-ba0a-0c05c5b6012e", "name": "Writing"}}, {"model": "service.subcategory", "pk": "6f99d353-cc6b-46aa-8eb5-b0b00d810224", "fields": {"category": "133d9c60-ef9e-4cb4-9dba-13a38048637c", "name": "Application Optimisation"}}, {"model": "service.subcategory", "pk": "702fba94-f373-4c58-8dbb-6a50d6230a10", "fields": {"category": "abad8012-42f9-4c70-94e1-dd58d0e934ab", "name": "Applications & Software"}}, {"model": "service.subcategory", "pk": "7063c781-2c9f-44cd-a393-24054f398f1b", "fields": {"category": "09148c1e-775a-4925-9e5c-3df2375cb9d8", "name": "Scientific/Research data"}}, {"model": "service.subcategory", "pk": "70dd9a56-0089-4708-9cf1-f8591e028b15", "fields": {"category": "941eea82-491a-46db-92ef-bd25cbb4060c", "name": "Cytometer"}}, {"model": "service.subcategory", "pk": "72f983ae-3857-4c30-92eb-f1ba3fe3973f", "fields": {"category": "3ddaf0af-4e7e-4c23-86ef-d5db4ae5312c", "name": "Synchronised"}}, {"model": "service.subcategory", "pk": "740c2b88-829b-4895-a6ec-252307b377a9", "fields": {"category": "5ad63f0b-e3bf-4544-8d4c-30f0a1808db2", "name": "Collaboration"}}, {"model": "service.subcategory", "pk": "7485f6c5-6a8a-4fb6-bdd8-a8bed66caf3e", "fields": {"category": "0e22ebcf-1545-4662-983c-8e2b9f5bed83", "name": "Fulfilment"}}, {"model": "service.subcategory", "pk": "7610d0dd-9b96-4399-bce8-0918babc0db4", "fields": {"category": "9db04160-522e-4785-bbf7-ab82b3c434f7", "name": "Virtual Network"}}, {"model": "service.subcategory", "pk": "762cb014-d7d4-4bbe-807f-efd085d81817", "fields": {"category": "09148c1e-775a-4925-9e5c-3df2375cb9d8", "name": "Clinical trial data"}}, {"model": "service.subcategory", "pk": "767f9b4c-2ab9-40c7-ae6f-b729d1361ea7", "fields": {"category": "133d9c60-ef9e-4cb4-9dba-13a38048637c", "name": "Certification"}}, {"model": "service.subcategory", "pk": "7baf71a7-8778-47b6-8a21-38a036715bdf", "fields": {"category": "133d9c60-ef9e-4cb4-9dba-13a38048637c", "name": "Methodology Development"}}, {"model": "service.subcategory", "pk": "7d571228-aa53-4f65-8870-e2d48c2585d3", "fields": {"category": "063268e6-e990-44e2-af1d-5d1711caba89", "name": "Threat protection"}}, {"model": "service.subcategory", "pk": "7dbb7600-232c-407a-831f-001b9c3aedca", "fields": {"category": "a5d1f298-abd7-4b31-94ba-58cb8eb1d44a", "name": "Validation"}}, {"model": "service.subcategory", "pk": "7dd63709-d94f-4bcf-880e-2545fd2245bb", "fields": {"category": "063268e6-e990-44e2-af1d-5d1711caba89", "name": "Firewall"}}, {"model": "service.subcategory", "pk": "83bab58b-1858-40b8-bdba-89f98bbc5338", "fields": {"category": "09148c1e-775a-4925-9e5c-3df2375cb9d8", "name": "Epidemiological data"}}, {"model": "service.subcategory", "pk": "86add05d-f476-4908-a03c-979522ac53ea", "fields": {"category": "94d4e542-f996-4bb1-b4de-d57d2430e7fb", "name": "Machine Learning"}}, {"model": "service.subcategory", "pk": "879bdce1-3b73-41d2-91cd-7c9d760a11e5", "fields": {"category": "94d4e542-f996-4bb1-b4de-d57d2430e7fb", "name": "Image/data analysis"}}, {"model": "service.subcategory", "pk": "8908a6b6-9ef5-4ae6-85a0-c01e8c04a6c3", "fields": {"category": "dca17a04-2569-406f-8609-465716a685ce", "name": "Publishing"}}, {"model": "service.subcategory", "pk": "8a1bdc0c-08cc-4912-aba7-20ff8c397434", "fields": {"category": "e331cddc-2644-465c-981d-0e3eeceaedf4", "name": "APIs Repository/Gateway"}}, {"model": "service.subcategory", "pk": "8c27a414-958d-4afa-97b7-83102f0bb0db", "fields": {"category": "063268e6-e990-44e2-af1d-5d1711caba89", "name": "Group Management"}}, {"model": "service.subcategory", "pk": "8cf20027-8f72-4a50-bc9d-52c0d3d093a5", "fields": {"category": "0e22ebcf-1545-4662-983c-8e2b9f5bed83", "name": "Assembly"}}, {"model": "service.subcategory", "pk": "8eccdfa3-cb5c-4c37-bf10-b585ff167076", "fields": {"category": "3ddaf0af-4e7e-4c23-86ef-d5db4ae5312c", "name": "Archive"}}, {"model": "service.subcategory", "pk": "8fadc304-e67d-4b05-b954-cbd25da0ef88", "fields": {"category": "a05700b7-81a8-476c-9ba3-c3952092280a", "name": "Platform"}}, {"model": "service.subcategory", "pk": "94c332fc-2395-4492-8dd4-78bb241c950a", "fields": {"category": "941eea82-491a-46db-92ef-bd25cbb4060c", "name": "Chromatographer"}}, {"model": "service.subcategory", "pk": "952fa836-042d-47ec-9121-45d71dbb7d43", "fields": {"category": "abad8012-42f9-4c70-94e1-dd58d0e934ab", "name": "Services & Software"}}, {"model": "service.subcategory", "pk": "955eaf92-200e-45b9-ad9b-7546e59568d6", "fields": {"category": "59aeb559-7952-4852-9421-ce44e79538bc", "name": "TBD"}}, {"model": "service.subcategory", "pk": "95941265-29ea-4036-b2e3-5b7e1addeeb3", "fields": {"category": "3ddaf0af-4e7e-4c23-86ef-d5db4ae5312c", "name": "Recovery"}}, {"model": "service.subcategory", "pk": "9645fdcb-8dc1-45c2-a9cc-abc86b02d72f", "fields": {"category": "0e22ebcf-1545-4662-983c-8e2b9f5bed83", "name": "Quality inspecting"}}, {"model": "service.subcategory", "pk": "99209aeb-b624-40cf-a755-1211fbbc47de", "fields": {"category": "e331cddc-2644-465c-981d-0e3eeceaedf4", "name": "Software Development Kits"}}, {"model": "service.subcategory", "pk": "992941a1-1e3a-4ebd-92d1-939e738491ae", "fields": {"category": "9db04160-522e-4785-bbf7-ab82b3c434f7", "name": "Traffic Manager"}}, {"model": "service.subcategory", "pk": "9a42784e-30f2-43de-bb18-660db3eb26b7", "fields": {"category": "063268e6-e990-44e2-af1d-5d1711caba89", "name": "Identity and access management"}}, {"model": "service.subcategory", "pk": "9a5410ef-c304-4f7e-9085-7694fa70793d", "fields": {"category": "7c4b272b-6f58-4778-9eba-5fbac6cc9fa3", "name": "Online Courses"}}, {"model": "service.subcategory", "pk": "9b3f5ad0-4a38-4740-874e-8b6a7762368e", "fields": {"category": "3ddaf0af-4e7e-4c23-86ef-d5db4ae5312c", "name": "Backup"}}, {"model": "service.subcategory", "pk": "9bb3ac7d-7819-409a-b6c4-2a60283bc70d", "fields": {"category": "0e22ebcf-1545-4662-983c-8e2b9f5bed83", "name": "Preservation"}}, {"model": "service.subcategory", "pk": "9c34dd34-5365-47a4-8d8c-22ccb9ea9609", "fields": {"category": "94d4e542-f996-4bb1-b4de-d57d2430e7fb", "name": "Forecast"}}, {"model": "service.subcategory", "pk": "9f67f95e-3997-4a1d-977d-17be5ddab05a", "fields": {"category": "94d4e542-f996-4bb1-b4de-d57d2430e7fb", "name": "Data extrapolation"}}, {"model": "service.subcategory", "pk": "a12b43f6-7d67-4474-bfec-2792c03a4de3", "fields": {"category": "dca17a04-2569-406f-8609-465716a685ce", "name": "Transfer"}}, {"model": "service.subcategory", "pk": "a229c286-53dd-4b94-b042-74b282bf5d07", "fields": {"category": "7c4b272b-6f58-4778-9eba-5fbac6cc9fa3", "name": "Open Registration Courses"}}, {"model": "service.subcategory", "pk": "a2e82ef2-a8c7-49b9-bd2f-92365525942e", "fields": {"category": "ee0c7cb0-e861-4de3-9319-074015419d4f", "name": "Orchestration"}}, {"model": "service.subcategory", "pk": "a56d9be5-5106-4a14-8d54-c28218362384", "fields": {"category": "133d9c60-ef9e-4cb4-9dba-13a38048637c", "name": "Modeling and Simulation"}}, {"model": "service.subcategory", "pk": "a769eb62-e1d3-4891-b8fa-59fe9a04e53f", "fields": {"category": "7c4b272b-6f58-4778-9eba-5fbac6cc9fa3", "name": "Related Training"}}, {"model": "service.subcategory", "pk": "a7ad339d-0e12-4780-a517-14aa3c6b40f9", "fields": {"category": "0e22ebcf-1545-4662-983c-8e2b9f5bed83", "name": "Re-working"}}, {"model": "service.subcategory", "pk": "a80d1d87-0944-4d70-b86b-f4dfe859fd26", "fields": {"category": "48b736ef-9541-45de-a1e1-dea2f98f1891", "name": "Utilities"}}, {"model": "service.subcategory", "pk": "ad9664ed-fc74-402e-a5e9-aa73ad480800", "fields": {"category": "48b736ef-9541-45de-a1e1-dea2f98f1891", "name": "Monitoring"}}, {"model": "service.subcategory", "pk": "ae358074-ef28-4101-97b1-06a649b68510", "fields": {"category": "133d9c60-ef9e-4cb4-9dba-13a38048637c", "name": "Application Scaling"}}, {"model": "service.subcategory", "pk": "ae45994c-0ac5-4565-b623-f191ed93353b", "fields": {"category": "a5d1f298-abd7-4b31-94ba-58cb8eb1d44a", "name": "Analysis"}}, {"model": "service.subcategory", "pk": "af671301-e0e9-4cb1-bdf3-0b4886f89531", "fields": {"category": "abad8012-42f9-4c70-94e1-dd58d0e934ab", "name": "Services & Applications"}}, {"model": "service.subcategory", "pk": "b059e609-f1cc-4a52-b2b3-30e41343b92b", "fields": {"category": "a5d1f298-abd7-4b31-94ba-58cb8eb1d44a", "name": "Production"}}, {"model": "service.subcategory", "pk": "b2996974-12b0-467e-9232-c6737cac5401", "fields": {"category": "9db04160-522e-4785-bbf7-ab82b3c434f7", "name": "Content Delivery Network"}}, {"model": "service.subcategory", "pk": "b2c67027-351b-4244-9680-61d506b72fbb", "fields": {"category": "94d4e542-f996-4bb1-b4de-d57d2430e7fb", "name": "Visualization"}}, {"model": "service.subcategory", "pk": "b747cc30-03da-4890-b498-bec66149bf19", "fields": {"category": "0e22ebcf-1545-4662-983c-8e2b9f5bed83", "name": "Packaging"}}, {"model": "service.subcategory", "pk": "b778cc7e-aeae-40ef-b446-fd15973ff474", "fields": {"category": "a5d1f298-abd7-4b31-94ba-58cb8eb1d44a", "name": "Testing and Validation"}}, {"model": "service.subcategory", "pk": "b7f901c5-5497-45c0-8011-4ba2b29f6df8", "fields": {"category": "3ddaf0af-4e7e-4c23-86ef-d5db4ae5312c", "name": "Replicated"}}, {"model": "service.subcategory", "pk": "b8dde40e-9ff3-488e-b5fa-ba6ba31c1a00", "fields": {"category": "0e22ebcf-1545-4662-983c-8e2b9f5bed83", "name": "Archiving"}}, {"model": "service.subcategory", "pk": "baa07e5f-5b1b-4f5b-8261-800ebe9719a4", "fields": {"category": "dca17a04-2569-406f-8609-465716a685ce", "name": "Persistent Identifier"}}, {"model": "service.subcategory", "pk": "be13b389-3b7f-4275-85b2-7ed911a4623e", "fields": {"category": "abad8012-42f9-4c70-94e1-dd58d0e934ab", "name": "Services"}}, {"model": "service.subcategory", "pk": "be9e8a7b-4a2c-472d-9765-c857b7354dd6", "fields": {"category": "941eea82-491a-46db-92ef-bd25cbb4060c", "name": "Monument maintenance equipment"}}, {"model": "service.subcategory", "pk": "c301fef6-0f21-40bc-bfb3-6cb63a353709", "fields": {"category": "a5d1f298-abd7-4b31-94ba-58cb8eb1d44a", "name": "Workflows"}}, {"model": "service.subcategory", "pk": "c31b2085-9de9-4a57-a311-9a7279573da0", "fields": {"category": "48b736ef-9541-45de-a1e1-dea2f98f1891", "name": "Analysis"}}, {"model": "service.subcategory", "pk": "c3251b90-5b6c-4935-92c7-9d859f8a466f", "fields": {"category": "e331cddc-2644-465c-981d-0e3eeceaedf4", "name": "Software Libraries"}}, {"model": "service.subcategory", "pk": "c4a913c3-06b3-4065-b1a6-422a21d20bad", "fields": {"category": "3ddaf0af-4e7e-4c23-86ef-d5db4ae5312c", "name": "File"}}, {"model": "service.subcategory", "pk": "c4e9028a-d1e8-4840-9d44-43f2a5fc6532", "fields": {"category": "dca17a04-2569-406f-8609-465716a685ce", "name": "Brokering"}}, {"model": "service.subcategory", "pk": "c4f98033-c1b3-43e0-a844-ed0b649864b1", "fields": {"category": "abad8012-42f9-4c70-94e1-dd58d0e934ab", "name": "Services & Applications & Software"}}, {"model": "service.subcategory", "pk": "c56817ae-8213-462a-b75f-4fbb31a8c759", "fields": {"category": "dca17a04-2569-406f-8609-465716a685ce", "name": "TBC"}}, {"model": "service.subcategory", "pk": "cd65d267-3bb2-4e87-a3ef-c41c946bdaf1", "fields": {"category": "7c4b272b-6f58-4778-9eba-5fbac6cc9fa3", "name": "Training Tool"}}, {"model": "service.subcategory", "pk": "ce3df549-ef6a-4423-9c76-1c84c172f219", "fields": {"category": "94d4e542-f996-4bb1-b4de-d57d2430e7fb", "name": "Artificial Intelligence"}}, {"model": "service.subcategory", "pk": "ce5b4f13-9e3c-4a5c-9260-bc79805f636f", "fields": {"category": "0e22ebcf-1545-4662-983c-8e2b9f5bed83", "name": "Repository"}}, {"model": "service.subcategory", "pk": "cf32ec20-91a8-4858-b6ae-4b91a2c4452a", "fields": {"category": "1abceb33-321b-479d-ba0a-0c05c5b6012e", "name": "Outreach"}}, {"model": "service.subcategory", "pk": "d1ed5898-1d86-43e0-a659-284745487850", "fields": {"category": "0e22ebcf-1545-4662-983c-8e2b9f5bed83", "name": "Sorting"}}, {"model": "service.subcategory", "pk": "d21fe30f-ff8d-48db-ae74-14be8847fc76", "fields": {"category": "7c4b272b-6f58-4778-9eba-5fbac6cc9fa3", "name": "Training Platform"}}, {"model": "service.subcategory", "pk": "d388ca1f-1c52-4891-a417-8eb5cb2ea535", "fields": {"category": "3ddaf0af-4e7e-4c23-86ef-d5db4ae5312c", "name": "Disk"}}, {"model": "service.subcategory", "pk": "d4b905c7-b12a-4171-922a-434676c91fd3", "fields": {"category": "dca17a04-2569-406f-8609-465716a685ce", "name": "Maintenance"}}, {"model": "service.subcategory", "pk": "d4fd87d5-772f-44ec-91d9-524ccfa4fe1d", "fields": {"category": "941eea82-491a-46db-92ef-bd25cbb4060c", "name": "Laser"}}, {"model": "service.subcategory", "pk": "d56d1ea9-cf5a-46f2-bdd1-a31ceae5337d", "fields": {"category": "1abceb33-321b-479d-ba0a-0c05c5b6012e", "name": "Assessment"}}, {"model": "service.subcategory", "pk": "dd4ee174-1bec-4241-b36f-1f66e3142160", "fields": {"category": "9db04160-522e-4785-bbf7-ab82b3c434f7", "name": "Load Balancer"}}, {"model": "service.subcategory", "pk": "de6d0d20-acd0-4ed9-895c-f9bf0396c5be", "fields": {"category": "941eea82-491a-46db-92ef-bd25cbb4060c", "name": "Spectrometer"}}, {"model": "service.subcategory", "pk": "e1fb1b4f-2d2b-4cdb-a42b-9f55646d80c5", "fields": {"category": "1abceb33-321b-479d-ba0a-0c05c5b6012e", "name": "Publication"}}, {"model": "service.subcategory", "pk": "e6b0b763-a683-4d04-a335-299e219e43f1", "fields": {"category": "ee0c7cb0-e861-4de3-9319-074015419d4f", "name": "Workload Management"}}, {"model": "service.subcategory", "pk": "e74d42d4-f836-4238-90cd-8fa990df5a56", "fields": {"category": "48b736ef-9541-45de-a1e1-dea2f98f1891", "name": "Accounting"}}, {"model": "service.subcategory", "pk": "e75beba6-919c-43e6-8fc2-fcc9e64bb4d6", "fields": {"category": "94d4e542-f996-4bb1-b4de-d57d2430e7fb", "name": "Workfows"}}, {"model": "service.subcategory", "pk": "eba06403-83d1-44d3-9e2a-21e1748b9a6d", "fields": {"category": "133d9c60-ef9e-4cb4-9dba-13a38048637c", "name": "Technology Transfer"}}, {"model": "service.subcategory", "pk": "eca86501-9baa-4bb7-9fac-3b8af0f2174d", "fields": {"category": "133d9c60-ef9e-4cb4-9dba-13a38048637c", "name": "Calibration"}}, {"model": "service.subcategory", "pk": "ecd37780-45e9-43ab-954d-5f16eb5babd0", "fields": {"category": "dca17a04-2569-406f-8609-465716a685ce", "name": "Validation"}}, {"model": "service.subcategory", "pk": "ef56adb5-6850-4c0d-889e-caef72800337", "fields": {"category": "3ddaf0af-4e7e-4c23-86ef-d5db4ae5312c", "name": "Online"}}, {"model": "service.subcategory", "pk": "f0ceaf12-31ed-49d9-9cd9-7c0d45267966", "fields": {"category": "09148c1e-775a-4925-9e5c-3df2375cb9d8", "name": "Online service data"}}, {"model": "service.subcategory", "pk": "f10878d9-2f47-49cb-906c-c1b4b840b019", "fields": {"category": "0e22ebcf-1545-4662-983c-8e2b9f5bed83", "name": "Disposal"}}, {"model": "service.subcategory", "pk": "f13abbc0-9741-4bee-8685-723fdba72a5c", "fields": {"category": "133d9c60-ef9e-4cb4-9dba-13a38048637c", "name": "Application Porting"}}, {"model": "service.subcategory", "pk": "f20fdfb9-87f8-49b5-8d76-796e85b9dd4a", "fields": {"category": "133d9c60-ef9e-4cb4-9dba-13a38048637c", "name": "Testing"}}, {"model": "service.subcategory", "pk": "f2e43823-ea2f-457f-86af-df91ba236629", "fields": {"category": "0e22ebcf-1545-4662-983c-8e2b9f5bed83", "name": "Warehousing"}}, {"model": "service.subcategory", "pk": "f4e4e064-749e-4184-b92c-231639e575cb", "fields": {"category": "133d9c60-ef9e-4cb4-9dba-13a38048637c", "name": "Consulting"}}, {"model": "service.subcategory", "pk": "f65f2a43-7d13-467b-917b-1b26bd9c2ff8", "fields": {"category": "5ad63f0b-e3bf-4544-8d4c-30f0a1808db2", "name": "Productivity"}}, {"model": "service.subcategory", "pk": "fa5ff700-55ce-4237-8b36-729a3cf4bc64", "fields": {"category": "a5d1f298-abd7-4b31-94ba-58cb8eb1d44a", "name": "Characterisation"}}, {"model": "service.subcategory", "pk": "fae5a962-3661-48eb-8c79-a782fad82464", "fields": {"category": "9db04160-522e-4785-bbf7-ab82b3c434f7", "name": "Direct Connect"}}, {"model": "service.subcategory", "pk": "fba318de-30f1-465b-8318-33e23dadcc78", "fields": {"category": "59aeb559-7952-4852-9421-ce44e79538bc", "name": "Preparation"}}, {"model": "service.subcategory", "pk": "fc11019e-5214-4716-9754-f29ea70d9174", "fields": {"category": "941eea82-491a-46db-92ef-bd25cbb4060c", "name": "Spectrophotometer"}}, {"model": "service.subcategory", "pk": "fe8ea8b3-5451-44d4-9e8d-89f258cd3a77", "fields": {"category": "48b736ef-9541-45de-a1e1-dea2f98f1891", "name": "Helpdesk"}}, {"model": "service.subcategory", "pk": "ff9317da-be45-4a1e-8818-07d5f14ca3fb", "fields": {"category": "9db04160-522e-4785-bbf7-ab82b3c434f7", "name": "Exchange"}}, {"model": "service.ordertype", "pk": "214f97dd-f9f5-475d-a41e-0a6aeaaa5f51", "fields": {"name": "Other", "description": null}}, {"model": "service.ordertype", "pk": "27443922-0083-4e4e-bec1-5eff56e92191", "fields": {"name": "Request/Order required", "description": "Resource requires an ordering procedure"}}, {"model": "service.ordertype", "pk": "348e49d1-ea56-4e7f-aef5-287f7445e0c7", "fields": {"name": "Fully open access", "description": "No ordering procedure necessary to access the resource and no user authentication required"}}, {"model": "service.ordertype", "pk": "3608d14c-ffaa-4423-a592-53ebc83a1e77", "fields": {"name": "Open access", "description": "No ordering procedure necessary to access the resource but requires user authentication"}}, {"model": "service.fundingbody", "pk": "00f4f560-d548-48fc-9f87-d487cb119c60", "fields": {"name": "German Research Foundation (DFG) - Germany"}}, {"model": "service.fundingbody", "pk": "022f6a5a-0508-417f-8647-0260aa68749d", "fields": {"name": "Knowledge Foundation (KKS) - Sweden"}}, {"model": "service.fundingbody", "pk": "042f0992-0538-4164-b752-265332c71d3d", "fields": {"name": "National Research Fund (FNR) - Luxembourg"}}, {"model": "service.fundingbody", "pk": "059c6bf0-e2d6-4667-a728-8884ce28f214", "fields": {"name": "Canadian Institutes of Health Research (CIHR) - Canada"}}, {"model": "service.fundingbody", "pk": "0731b90e-75a6-4970-8ca6-9fd8d4b63bda", "fields": {"name": "National Health and Medical Research Council (NHMRC) - Australia"}}, {"model": "service.fundingbody", "pk": "0a9c14b7-7b5c-4ccb-8e30-86f1389f6f80", "fields": {"name": "Netherlands Organisation for Scientific Research (NWO) - Netherlands"}}, {"model": "service.fundingbody", "pk": "0add45ee-5372-4fc7-b14b-d42a5016162f", "fields": {"name": "General Secretariat for Research and Technology (GSRT) - Greece"}}, {"model": "service.fundingbody", "pk": "0d206675-5825-48cd-954c-ad0553ec736a", "fields": {"name": "Research Council of Lithuania (LMT) - Lithuania"}}, {"model": "service.fundingbody", "pk": "0dc92ad6-fb77-43e9-8df9-5f1ed288d257", "fields": {"name": "Federal Ministry of Education and Research (BMBF) - Germany"}}, {"model": "service.fundingbody", "pk": "0f333a47-d293-4da1-8e96-16db80f16925", "fields": {"name": "European Space Agency (ESA)"}}, {"model": "service.fundingbody", "pk": "0fe68410-08fd-46b4-9365-866687d97021", "fields": {"name": "National Centre for Space Studies (CNES) - France"}}, {"model": "service.fundingbody", "pk": "10099184-06e4-4c4a-ae3b-6d480ded5e5f", "fields": {"name": "Spanish National Research Council (CSIC) - Spain"}}, {"model": "service.fundingbody", "pk": "11c0208a-758a-49b5-a252-712cad7b1487", "fields": {"name": "Swedish Radiation Safety Authority - Sweden"}}, {"model": "service.fundingbody", "pk": "12ae8ade-8a74-49f9-819f-b00f32feebfd", "fields": {"name": "Science and Technology Facilities Council (STFC) - United Kingdom"}}, {"model": "service.fundingbody", "pk": "155d5c2e-ab94-4d4d-b5b8-266f2e0bbce8", "fields": {"name": "S\u00e3o Paulo Research Foundation (FAPESP) - Brazil"}}, {"model": "service.fundingbody", "pk": "1778cb62-e3a7-452e-ae66-e6061354c5ad", "fields": {"name": "Fritz Thyssen Foundation (FTS) - Germany"}}, {"model": "service.fundingbody", "pk": "18b38f85-fb41-4da9-8437-c8cbbe291b83", "fields": {"name": "Swedish Reseach Council Formas - Sweden"}}, {"model": "service.fundingbody", "pk": "194532ac-2c8b-4221-a07c-0962c3dfa350", "fields": {"name": "Danish Agency for Science and Higher Education (DASHE) - Denmark"}}, {"model": "service.fundingbody", "pk": "1c465957-897f-4570-af93-2b7fafdc215f", "fields": {"name": "Executive Agency for Higher Education, Research, Development and Innovation Funding (UEFISCDI - CNCS) - Romania"}}, {"model": "service.fundingbody", "pk": "1e052849-f36c-41f9-a21f-3953a833370c", "fields": {"name": "Biotechnology and Biological Sciences Research Council (BBSRC) - United Kingdom"}}, {"model": "service.fundingbody", "pk": "1ea3a311-c990-40db-81b0-d4ed46842e7e", "fields": {"name": "Danish Council for Independent Research (DFF) - Denmark"}}, {"model": "service.fundingbody", "pk": "1f72835a-eedf-4701-ad03-36b9d4533177", "fields": {"name": "Academy of Finland (AKA) - Finland"}}, {"model": "service.fundingbody", "pk": "200b0393-17ce-46f5-a51f-5bef4a6b90ee", "fields": {"name": "Center for Industrial Technological Development (CDTI) - Spain"}}, {"model": "service.fundingbody", "pk": "2089509f-431c-4c9c-9665-44127c37bc7d", "fields": {"name": "Other"}}, {"model": "service.fundingbody", "pk": "217ea250-5fe1-4691-ab2f-eef1b828d945", "fields": {"name": "Irish Research Council (IRC) - Ireland"}}, {"model": "service.fundingbody", "pk": "22e24b06-bd78-449d-b8f4-3d67307f9634", "fields": {"name": "Danish Agency for Science, Technology and Innovation (DASTI) - Denmark"}}, {"model": "service.fundingbody", "pk": "25803433-bd9f-4abf-ba7b-5a47c407f953", "fields": {"name": "Research Council of Norway (RCN) - Norway"}}, {"model": "service.fundingbody", "pk": "272d06c4-750d-4114-93c3-485c28f8d946", "fields": {"name": "French Polar Institute (IPEV) - France"}}, {"model": "service.fundingbody", "pk": "291fbc55-7e5e-4ae1-b641-3e83b1752f8b", "fields": {"name": "Scientific and Technological Research Council of Turkey (TUBITAK) - Turkey"}}, {"model": "service.fundingbody", "pk": "29e5479d-e812-4241-af07-dcf99ca1aa55", "fields": {"name": "Ministry of Science and Education Republic of Croatia (MSE) - Croatia"}}, {"model": "service.fundingbody", "pk": "2aa4f4be-6bb2-4adf-a2be-1534c4e824c0", "fields": {"name": "Flanders Innovation & Entrepeneurship (VLAIO) - Belgium"}}, {"model": "service.fundingbody", "pk": "2ec12f75-b53c-44c0-b468-7826d8cb359f", "fields": {"name": "Arts and Humanities Research Council (AHRC) - United Kingdom"}}, {"model": "service.fundingbody", "pk": "2f8e04cd-1f85-4345-9e27-720478397653", "fields": {"name": "Vienna Science and Technology Fund (WWTF) - Austria"}}, {"model": "service.fundingbody", "pk": "31888064-acbb-4bc3-87a8-e7830f38d373", "fields": {"name": "Swedish Foundation for Strategic Environmental Research (MISTRA) - Sweden"}}, {"model": "service.fundingbody", "pk": "38899332-714c-41cd-ae26-9dde8e888f81", "fields": {"name": "National Council for Scientific and Technological Development (CNPq) - Brazil"}}, {"model": "service.fundingbody", "pk": "3df00460-c075-4dc0-915e-f9d187515255", "fields": {"name": "Fonds National de la Recherche Scientifique (FNRS) - Belgium"}}, {"model": "service.fundingbody", "pk": "3fed18d3-b4e6-4bd0-b596-9aed55a659de", "fields": {"name": "National Institutes of Health (NIG) - United States"}}, {"model": "service.fundingbody", "pk": "416f9441-6cfc-4f36-9ab0-30f3ecb23393", "fields": {"name": "National Centre for Research and Development (NCBiR) - Poland"}}, {"model": "service.fundingbody", "pk": "451befe8-dbc7-4629-9d59-eeb8cda13078", "fields": {"name": "Alfred Wegener Institute for Polar and Marine Research (AWI) - Germany"}}, {"model": "service.fundingbody", "pk": "47a7d980-ba90-4ae1-8e82-a8b9263101c0", "fields": {"name": "National Authority for Scientific Research (ANCS) - Romania"}}, {"model": "service.fundingbody", "pk": "490ca125-e489-48e6-b583-5a562b628c83", "fields": {"name": "Belmont Forum"}}, {"model": "service.fundingbody", "pk": "495fe4bb-897b-4ae4-86b8-d8ad772e8329", "fields": {"name": "National Science Center (NCN) - Poland"}}, {"model": "service.fundingbody", "pk": "4a152411-f0db-4138-9770-c2a30a5bdd47", "fields": {"name": "Swedish Foundation for Strategic Research (SSF) - Sweden"}}, {"model": "service.fundingbody", "pk": "4a1ab23e-34a5-4fa6-bc51-78707e094e30", "fields": {"name": "National Research, Development and Innovation Fund (NKFIA) - Hungary"}}, {"model": "service.fundingbody", "pk": "4a748074-0a19-4d46-b4e2-123e536f7541", "fields": {"name": "Research Promotion Foundation (RPF) - Cyprus"}}, {"model": "service.fundingbody", "pk": "4a8399c1-cd27-4728-a804-e796e35daa4c", "fields": {"name": "Foundation for Polish Science (FNP) - Poland"}}, {"model": "service.fundingbody", "pk": "4d5745a0-e397-48fe-8c02-295abe500a90", "fields": {"name": "Agency for Environment and Energy Management (ADEME) - France"}}, {"model": "service.fundingbody", "pk": "503514cb-8798-4f60-a927-46c3c260bbbb", "fields": {"name": "Finnish Funding Agency for Technology and Innovation (TEKES) - Finland"}}, {"model": "service.fundingbody", "pk": "51921824-b4ef-49b9-8b8f-2523d7249d78", "fields": {"name": "International Science Council (ISC)"}}, {"model": "service.fundingbody", "pk": "520cc92f-c712-40fc-9919-6e552f238c35", "fields": {"name": "Swedish National Space Board (SNSB) - Sweden"}}, {"model": "service.fundingbody", "pk": "558b812b-191f-4556-a69f-be699298c1d8", "fields": {"name": "Medical Research Council (MRC) - United Kingdom"}}, {"model": "service.fundingbody", "pk": "57448bc9-887e-46b0-bc92-680e1e4c61ca", "fields": {"name": "French Research Institute for Exploitation of the Sea (IFREMER) - France"}}, {"model": "service.fundingbody", "pk": "5a4442f9-b3dd-443d-ac30-d12f29bbe49e", "fields": {"name": "Wellcome trust (WT) - United Kingdom"}}, {"model": "service.fundingbody", "pk": "5c86ffba-4393-4893-b5b0-5770b1472483", "fields": {"name": "UK Research and Innovation (UKRI) - United Kingdom"}}, {"model": "service.fundingbody", "pk": "5cc00ede-73aa-48cc-ae8e-d3ddc4a0e488", "fields": {"name": "National Research Foundation (NRF) - South Africa"}}, {"model": "service.fundingbody", "pk": "5decf71b-3d71-4561-896a-abf15387a537", "fields": {"name": "French National Research Agency (ANR) - France"}}, {"model": "service.fundingbody", "pk": "6c6d4849-8371-41d0-82bd-0d258878e6bd", "fields": {"name": "National Foundation for Research, Technology and Development (OeNFTE) - Austria"}}, {"model": "service.fundingbody", "pk": "6c7aff58-c466-4e1c-aa78-53dc0a014ce3", "fields": {"name": "National institute of Agricultural Research (INRA) - France"}}, {"model": "service.fundingbody", "pk": "6db8423d-e43e-451c-b9e7-f430266b5385", "fields": {"name": "Research Foundation Flanders (FWO) - Belgium"}}, {"model": "service.fundingbody", "pk": "70b9bce6-9cfe-4f09-83ca-69a959dc893f", "fields": {"name": "The Ministry of Education, Science, Research and Sports of the Slovak Republic (MSVVaS SR) - Slovakia"}}, {"model": "service.fundingbody", "pk": "7240d0d4-8baf-47d0-b981-0f075069b976", "fields": {"name": "The Icelandic Centre for Research (RANNIS) - Iceland"}}, {"model": "service.fundingbody", "pk": "77842a26-5588-45a0-983d-2d66649cf8c5", "fields": {"name": "Carlos III Health Institute (ISCIII) - Spain"}}, {"model": "service.fundingbody", "pk": "77fb1cc4-ebc6-48a3-9d08-74f613b0a99c", "fields": {"name": "Swedish Governmental Agency for Innovation Systems (VINNOVA) - Sweden"}}, {"model": "service.fundingbody", "pk": "780d8197-8f8f-4f9b-982d-a1d444492d9a", "fields": {"name": "Danish National Research Foundation (DNRF) - Denmark"}}, {"model": "service.fundingbody", "pk": "789bc09b-bf42-4940-9886-34a45651531c", "fields": {"name": "Icelandic Centre for Research (RANNIS) - Iceland"}}, {"model": "service.fundingbody", "pk": "7c544e66-5ba3-41e4-b356-0a4bf8c84c1e", "fields": {"name": "Science Foundation Ireland (SFI) - Ireland"}}, {"model": "service.fundingbody", "pk": "7d52b784-3ad6-41e6-9918-afc4fec736a5", "fields": {"name": "Swedish Research Council (VR) - Sweden"}}, {"model": "service.fundingbody", "pk": "7dca78b1-d650-4ce5-bbcf-7503014ecde8", "fields": {"name": "General Operational Directorate for Economy, Employment and ResearchDGO6) - Belgium"}}, {"model": "service.fundingbody", "pk": "7fcdd08f-d620-4071-be46-f0a6c9d9f784", "fields": {"name": "Natural Environment Research Council (NERC) - United Kingdom"}}, {"model": "service.fundingbody", "pk": "81eaf0c0-deba-4bb2-a8b9-69e5defe1def", "fields": {"name": "National Research Council (CNR) - Italy"}}, {"model": "service.fundingbody", "pk": "85e65489-cbad-489a-9b54-b5cf40fd49ec", "fields": {"name": "European Comission (EC)"}}, {"model": "service.fundingbody", "pk": "861872cf-824a-4623-be41-9c01842cf2e4", "fields": {"name": "Estonian Research Council (ETAG) - Estonia"}}, {"model": "service.fundingbody", "pk": "8725295f-bd2e-4715-ade8-97c7669f2ca4", "fields": {"name": "Ministry of Higher Education and Research (MESR) - France"}}, {"model": "service.fundingbody", "pk": "8a499b10-e830-40c8-8d8e-9c0d10fdd98d", "fields": {"name": "Alternative Energies and Atomic Energy Commission (CEA) - France"}}, {"model": "service.fundingbody", "pk": "8b9aa0a1-bd16-4fc6-adfd-9965ad5e9ace", "fields": {"name": "Australian Research Council (ARC) - Australia"}}, {"model": "service.fundingbody", "pk": "9819f471-c0d6-4901-b005-d80e22fb7155", "fields": {"name": "Agency for Science, Innovation and Technology (MITA) - Lithuania"}}, {"model": "service.fundingbody", "pk": "9a375ce0-82a4-4c26-a635-e23f63fb34c0", "fields": {"name": "Brussels Institute for Research and Innovation (INNOVIRIS) - Belgium"}}, {"model": "service.fundingbody", "pk": "9ba518d7-47e8-47aa-81a6-9ba156426655", "fields": {"name": "Slovenian Research Agency (ARRS) - Slovenia"}}, {"model": "service.fundingbody", "pk": "9bf8b73a-52e1-49b7-9fc8-9bcb4d76ac5e", "fields": {"name": "Tara Expeditions Foundation (TARA) - France"}}, {"model": "service.fundingbody", "pk": "9c092dd2-a28e-485c-aa76-18fcbf65a9cd", "fields": {"name": "State Education Development Agency (VIAA) - Latvia"}}, {"model": "service.fundingbody", "pk": "9d0c8071-98c1-4c66-86df-61f818bca7a1", "fields": {"name": "Technology Agency of the Czech Republic (TACR) - Czechia"}}, {"model": "service.fundingbody", "pk": "9e743611-1d51-49d2-bdfe-4e22e6105d8b", "fields": {"name": "Austrian Science Fund (FWF) - Austria"}}, {"model": "service.fundingbody", "pk": "a1e4a70a-5622-4081-8dc5-20efe972cee7", "fields": {"name": "Japanese Science and Technology Agency (JST) - Japan"}}, {"model": "service.fundingbody", "pk": "a31a2e26-c131-4470-961b-0094d073097b", "fields": {"name": "Agency for Innovation by Science and Technology (IWT) - Belgium"}}, {"model": "service.fundingbody", "pk": "a3860929-1878-4faf-866e-d0511f51bcbf", "fields": {"name": "Ministry for Economy and Competitveness (MINECO) - Spain"}}, {"model": "service.fundingbody", "pk": "a44bc631-b32b-4489-b7b9-10391c39bc50", "fields": {"name": "Innovation Fund of the Ministry of Economy of the Slovak Republic (IMSR) - Slovakia"}}, {"model": "service.fundingbody", "pk": "a5d84be5-9de1-48d1-b211-0ba585b55d1e", "fields": {"name": "Federal Department of Economic Affairs, Education and Research (EAER) - Switzerland"}}, {"model": "service.fundingbody", "pk": "ad09f794-181a-4c71-82d6-673ec7f2dc70", "fields": {"name": "Israel Science Foundation (ISF) - Israel"}}, {"model": "service.fundingbody", "pk": "b1acda1c-5bc9-419f-8118-c65eb7c7509f", "fields": {"name": "Max Planck Society for the Advancement of Science (MPG) - Germany"}}, {"model": "service.fundingbody", "pk": "b34c86f3-316e-4427-b5fe-8c488149b140", "fields": {"name": "Knut and Alice Wallenberg Foundation (KAWS) - Sweden"}}, {"model": "service.fundingbody", "pk": "b40e27d9-c093-43f4-857d-0cc2cd49f535", "fields": {"name": "Natural Sciences and Engineering Research Council of Canada (NSERC) - Canada"}}, {"model": "service.fundingbody", "pk": "b61dee14-0df3-4e12-bd74-090f66fe416b", "fields": {"name": "National University Research Council (CNCSIS) - Romania"}}, {"model": "service.fundingbody", "pk": "b6be4252-f225-4098-b153-bee3ef1f0849", "fields": {"name": "National Science Foundation (NSF) - United States"}}, {"model": "service.fundingbody", "pk": "b6eab050-684a-4180-ac96-5a8a94561952", "fields": {"name": "Ministry for Economic Development and Technology (MGRT) - Slovenia"}}, {"model": "service.fundingbody", "pk": "b971b315-1142-4b72-9c75-1328e91b4fe9", "fields": {"name": "Finnish Funding Agency for Innovation (TEKES)"}}, {"model": "service.fundingbody", "pk": "bb407746-1663-455a-a97c-e142cab24f67", "fields": {"name": "Swiss National Science Foundation (SNF) - Switzerland"}}, {"model": "service.fundingbody", "pk": "bb75e64a-d9db-4556-b05f-4c8743269ec8", "fields": {"name": "Swedish Environmental Protection Agency - Sweden"}}, {"model": "service.fundingbody", "pk": "bc385e14-7d23-4588-abcc-b91b88b41df2", "fields": {"name": "Austrian Research Promotion Agency (FFG) - Austria"}}, {"model": "service.fundingbody", "pk": "bf367275-5897-40d3-8c1f-24cf2d9dbbc7", "fields": {"name": "Engineering and Physical Sciences Research Council (EPSRC) - United Kingdom"}}, {"model": "service.fundingbody", "pk": "bf37ae93-f9e9-4314-8b6e-496eba811125", "fields": {"name": "Croatian Science Foundation (CSF) - Croatia"}}, {"model": "service.fundingbody", "pk": "bf91ca89-7b43-4fd3-a663-44672f079661", "fields": {"name": "Research Council UK (RCUK) - United Kingdom"}}, {"model": "service.fundingbody", "pk": "c0d915fb-95d5-46e5-ae09-51ebc050a92a", "fields": {"name": "Foundation for Fundamental Research on Matter (FOM) - Netherlands"}}, {"model": "service.fundingbody", "pk": "c1f92be8-199d-44b8-b52e-4b97c73a9835", "fields": {"name": "Ministry for Education and Scientific Research (MECR) - Romania"}}, {"model": "service.fundingbody", "pk": "c4bdb71d-846e-4d04-8a16-cc34d0c8035b", "fields": {"name": "Swedish Energy Agency - Sweden"}}, {"model": "service.fundingbody", "pk": "c573e3f2-5e5d-483a-b810-50b886e1dee0", "fields": {"name": "Ministry of Science and Technology of the People's Republic of China (MOST) - China"}}, {"model": "service.fundingbody", "pk": "c62e73f4-1c64-4b87-8dee-4294c96ae15b", "fields": {"name": "Malta Council for Science and Technology (MCST) - Malta"}}, {"model": "service.fundingbody", "pk": "cade0431-3b4c-47da-b1a6-a5c4bd245ff6", "fields": {"name": "Technology Foundation (STW) - Netherlands"}}, {"model": "service.fundingbody", "pk": "d0bbb02b-e3a2-49dd-a47e-e8935b6d3acd", "fields": {"name": "Volkswagen Foundation (VS) - Germany"}}, {"model": "service.fundingbody", "pk": "d16ea550-ae5f-465f-8ca6-08555fa499d2", "fields": {"name": "National Centre for Scientific Research (CNRS) - France"}}, {"model": "service.fundingbody", "pk": "d1a128eb-8bd5-4877-8fb3-e629ce31dc7c", "fields": {"name": "Scientific Grant Agency (VEGA) - Slovakia"}}, {"model": "service.fundingbody", "pk": "d2c96b46-2aed-4ac7-b540-8bba96a68061", "fields": {"name": "Innovation Fund Denmark"}}, {"model": "service.fundingbody", "pk": "d59a0f27-8798-4290-8468-42131b9f6e19", "fields": {"name": "French National Aerospace Research Center (ONERA) - France"}}, {"model": "service.fundingbody", "pk": "d921b9d3-4e1f-4ca4-bd89-0b78110ba92f", "fields": {"name": "Czech Science Foundation (GACR) - Czechia"}}, {"model": "service.fundingbody", "pk": "dd3d582c-3e45-4e04-83fc-043eb5157a23", "fields": {"name": "Research and Development Agency (APVV) - Slovakia"}}, {"model": "service.fundingbody", "pk": "dd8e2596-4d58-48fe-82bb-b01eed7fd899", "fields": {"name": "La Caixa Foundation (CAIXA) - Spain"}}, {"model": "service.fundingbody", "pk": "de7b4850-8b10-4684-b40d-774f6d021c13", "fields": {"name": "Swedish Research Council for Health, Working Life and Welfare (FORTE) - Sweden"}}, {"model": "service.fundingbody", "pk": "de956d13-c250-4918-b5c3-ce0a7fc22642", "fields": {"name": "National Aeronautics and Space Administration (NASA) - United States"}}, {"model": "service.fundingbody", "pk": "e3b0aa7a-d90c-492d-b374-c201c734a24e", "fields": {"name": "Japanese Society for the Promotion of Science (JSPS) - Japan"}}, {"model": "service.fundingbody", "pk": "e4a44715-b8b0-4d1d-afe9-9b27f9f14dc0", "fields": {"name": "Foundation for Science and Technology (FCT) - Portugal"}}, {"model": "service.fundingbody", "pk": "e53e9fd0-c7bf-4660-8f7e-2409be1f1c29", "fields": {"name": "Social Sciences and Humanities Research Council (SSHRC) - Canada"}}, {"model": "service.fundingbody", "pk": "e739ffb0-36eb-4866-ae94-795c8dbc8d58", "fields": {"name": "Austrian Academy of Sciences (OeAW) - Austria"}}, {"model": "service.fundingbody", "pk": "ec27ced5-2695-4b51-ab47-bf525eb97da3", "fields": {"name": "Economic and Social Research Council (ESRC) - United Kingdom"}}, {"model": "service.fundingbody", "pk": "f210d476-0e4a-4ec9-b015-e66e6bf9cfd1", "fields": {"name": "German Aerospace Center (DLR) - Germany"}}, {"model": "service.fundingbody", "pk": "f5ad83f9-fcff-42c4-934e-a5a1e1875bbe", "fields": {"name": "The Research Council of Norway - Norway"}}, {"model": "service.fundingbody", "pk": "f5f3451e-dbe0-4fa9-9e3a-912da3a3c10a", "fields": {"name": "The Danish Council for Independent Research (DDF) - Denmark"}}, {"model": "service.fundingbody", "pk": "f7c41b97-72cf-4b94-8407-ebe4aeed30fa", "fields": {"name": "Secretariat-General for Investment (SGPI) - France"}}, {"model": "service.fundingbody", "pk": "f823456f-1b6b-4959-b6d8-1787f12b483e", "fields": {"name": "Ministry of Education, Science and Technological Development of Republic of Serbia (MESTD) - Serbia"}}, {"model": "service.fundingbody", "pk": "fac912c8-ca66-470c-94fe-305c71ebca55", "fields": {"name": "Ministry for Education, University and Research (MIUR) - Italy"}}, {"model": "service.fundingbody", "pk": "fc6ccd67-c23c-4e48-881d-5b08116f2969", "fields": {"name": "The Swedish Foundation for Humanities and Social Sciences (RJ) - Sweden"}}, {"model": "service.fundingbody", "pk": "fd666ac3-9cfb-4701-ae51-a8ce59b47d9b", "fields": {"name": "National Institute of Health and Medical Research (INSERM) - France"}}, {"model": "service.fundingprogram", "pk": "0461c08c-5982-406c-b1cb-988ac4d3570d", "fields": {"name": "Emergency Aid Reserve (EAR2020)"}}, {"model": "service.fundingprogram", "pk": "0e6d7bac-0670-401e-9423-b63cdf50c3f9", "fields": {"name": "Cohesion Fund (CF)"}}, {"model": "service.fundingprogram", "pk": "101818d7-e735-4530-9144-3b1bb78d7cbd", "fields": {"name": "EU Aid Volunteers initiative (EUAV)"}}, {"model": "service.fundingprogram", "pk": "1297484a-a841-41bc-87e7-78ddd384856b", "fields": {"name": "Swedish Research Council (VR) - Sweden"}}, {"model": "service.fundingprogram", "pk": "17094716-54f2-48e7-9d0d-086574584c34", "fields": {"name": "Outermost and sparsely populated regions (OUTREG)"}}, {"model": "service.fundingprogram", "pk": "170b8533-480e-4659-9a43-25fdc46e9d50", "fields": {"name": "Euratom research and training programme (EURATOM)"}}, {"model": "service.fundingprogram", "pk": "1a49b128-c8e6-488e-b7c6-2874dda663c3", "fields": {"name": "Contribution from the Cohesion Fund to the CEF programme (CF_DET)"}}, {"model": "service.fundingprogram", "pk": "1c64bd1e-2e60-4dd5-a8dd-30264b10f3cd", "fields": {"name": "Research Council UK (RCUK) - United Kingdom"}}, {"model": "service.fundingprogram", "pk": "1dbc7595-ca6a-48c9-8b14-e80cff64e1ab", "fields": {"name": "Other"}}, {"model": "service.fundingprogram", "pk": "1e5d52a2-bf79-4cf8-aecc-4f5bdec266b6", "fields": {"name": "European Maritime and Fisheries Fund (EMFF2020)"}}, {"model": "service.fundingprogram", "pk": "1e619e11-8f65-4758-ad26-d743cb430e64", "fields": {"name": "Instrument contributing to Stability and Peace (IFS2020)"}}, {"model": "service.fundingprogram", "pk": "1f523483-e624-476e-9714-8b86492cea04", "fields": {"name": "International thermonuclear experimental reactor (ITER)"}}, {"model": "service.fundingprogram", "pk": "23953745-620f-4b35-82dd-5d90944754d9", "fields": {"name": "Scientific Grant Agency (VEGA) - Slovakia"}}, {"model": "service.fundingprogram", "pk": "25849999-609d-42fb-ac2c-88d8c280e431", "fields": {"name": "Connecting Europe Facility (CEF)"}}, {"model": "service.fundingprogram", "pk": "2708d29f-2ca8-4dbb-880a-e6f266e68eaa", "fields": {"name": "Partnership instrument for cooperation with third countries (PI)"}}, {"model": "service.fundingprogram", "pk": "280f22d2-7907-49a1-abfe-08f27bab8136", "fields": {"name": "Instrument for emergency support within the Union (IES)"}}, {"model": "service.fundingprogram", "pk": "2919270f-185c-4d7e-86d2-4199367e7fb6", "fields": {"name": "Netherlands Organisation for Scientific Research (NWO) - Netherlands"}}, {"model": "service.fundingprogram", "pk": "2da77f44-4e09-4893-b8fc-a6e2830ff1cb", "fields": {"name": "Common foreign and security policy (CFSP2020)"}}, {"model": "service.fundingprogram", "pk": "323323c7-8cd2-4b29-9662-e8e346dfeb1c", "fields": {"name": "Action programme for customs in the European Union (CUST2020)"}}, {"model": "service.fundingprogram", "pk": "327cc66e-6521-4756-a4f7-6488b09ba6b5", "fields": {"name": "European Agricultural Fund for Rural Development (EAFRD2020)"}}, {"model": "service.fundingprogram", "pk": "3302e65c-5e8b-49fe-b1ae-9d5d2d26e2b2", "fields": {"name": "Enhancing consumers involvement in EU policy making in the field of financial services (ICFS)"}}, {"model": "service.fundingprogram", "pk": "3858b339-c54f-4550-9883-67388da6f391", "fields": {"name": "Visa Information System (VIS2020)"}}, {"model": "service.fundingprogram", "pk": "38ffc1c4-e57a-4cc6-9983-82527413b327", "fields": {"name": "European Union Solidarity Fund (EUSF) \u2014 Member States (EUSF_H3)"}}, {"model": "service.fundingprogram", "pk": "3e5b5ab8-9b7b-4ea0-9b8d-caf6db91068c", "fields": {"name": "Research Council of Lithuania (LMT) - Lithuania"}}, {"model": "service.fundingprogram", "pk": "3f69ef61-deae-4067-9ce3-db6a1220b081", "fields": {"name": "Technical assistance and innovative actions (TA_IA)"}}, {"model": "service.fundingprogram", "pk": "4003d493-1411-433f-8164-62e570e3c6dd", "fields": {"name": "European Solidarity Corps (ESC)"}}, {"model": "service.fundingprogram", "pk": "436f18a7-b1f9-43f5-8a3e-8d43cf658216", "fields": {"name": "Development Cooperation Instrument (DCI2020)"}}, {"model": "service.fundingprogram", "pk": "4505a2ab-b35e-4290-b48b-96e43ea9c2f5", "fields": {"name": "Swedish Foundation for Strategic Environmental Research (MISTRA) - Sweden"}}, {"model": "service.fundingprogram", "pk": "4597ff67-f96b-4dbe-bfd8-e22c4e8e04f8", "fields": {"name": "Volkswagen Foundation (VS) - Germany"}}, {"model": "service.fundingprogram", "pk": "45e9d649-47c6-49b7-b7ee-47d9436cc1fa", "fields": {"name": "Social Sciences and Humanities Research Council (SSHRC) - Canada"}}, {"model": "service.fundingprogram", "pk": "489418a3-1e4d-49b2-8727-535c88a0a071", "fields": {"name": "Specific activities in the field of financial reporting and auditing (FINSER2020)"}}, {"model": "service.fundingprogram", "pk": "4a8633d8-8449-46f4-b32f-cae52c938655", "fields": {"name": "Swedish Research Council for Health, Working Life and Welfare (FORTE) - Sweden"}}, {"model": "service.fundingprogram", "pk": "4d0f46bf-b530-499d-aea7-a09f09f00ad4", "fields": {"name": "National Science Foundation (NSF) - United States"}}, {"model": "service.fundingprogram", "pk": "4db88de3-ce9b-4ab0-bcd7-27c02baa9f7c", "fields": {"name": "Internal Security Fund (ISF)"}}, {"model": "service.fundingprogram", "pk": "50ca4d33-8dda-408d-81d7-aa25671db580", "fields": {"name": "Guarantee Fund for external actions (LOAN2020)"}}, {"model": "service.fundingprogram", "pk": "52c4ee57-3cd1-4393-bcc1-7366e0f0f519", "fields": {"name": "Exchange, assistance and training programme for the protection of the euro against counterfeiting (PERI2020)"}}, {"model": "service.fundingprogram", "pk": "5434b5d1-697b-410a-a3a1-b9034cc95e06", "fields": {"name": "European Globalisation Adjustment Fund (EGF2020)"}}, {"model": "service.fundingprogram", "pk": "554864cb-8a60-4f55-b004-a3c262703e60", "fields": {"name": "Science Foundation Ireland (SFI) - Ireland"}}, {"model": "service.fundingprogram", "pk": "5794ac21-855b-4ac7-bd68-59d02887d43e", "fields": {"name": "Natural Environment Research Council (NERC) - United Kingdom"}}, {"model": "service.fundingprogram", "pk": "5b134ef7-703d-49d1-b7ef-ebaed5a6c17f", "fields": {"name": "Spanish National Research Council (CSIC) - Spain"}}, {"model": "service.fundingprogram", "pk": "5c08db5a-fb3e-4105-986a-d63ecb966ac1", "fields": {"name": "European statistical programme (ESP2020)"}}, {"model": "service.fundingprogram", "pk": "5d0bda02-6802-41ad-b7b6-49f86d451d58", "fields": {"name": "National Research, Development and Innovation Fund (NKFIA) - Hungary"}}, {"model": "service.fundingprogram", "pk": "5e5600b4-62e3-4ce8-b3cf-02c291364d2c", "fields": {"name": "Transition regions (TRANSREG)"}}, {"model": "service.fundingprogram", "pk": "5fca24fa-a87e-49e5-a3db-8585b43548f4", "fields": {"name": "European Earth Observation Programme (COPERNICUS)"}}, {"model": "service.fundingprogram", "pk": "60270f6e-f7f1-437b-a4c0-0410037961d9", "fields": {"name": "European Agricultural Fund for Rural Development (after transfers between EAGF and EAFRD) (EAFRD)"}}, {"model": "service.fundingprogram", "pk": "61b6e3fb-74e6-4aca-9d74-ebeb931424d6", "fields": {"name": "Research Promotion Foundation (RPF) - Cyprus"}}, {"model": "service.fundingprogram", "pk": "64e95638-4301-496a-99b2-76124a95ce72", "fields": {"name": "Youth employment initiative (specific top-up allocation) (YEI)"}}, {"model": "service.fundingprogram", "pk": "667ee9ed-9e99-4976-9ac5-7e52411d7d07", "fields": {"name": "European Union Solidarity Fund (EUSF2020)"}}, {"model": "service.fundingprogram", "pk": "668c7679-5a14-40c8-af7e-e7d916c59836", "fields": {"name": "Natural Sciences and Engineering Research Council of Canada (NSERC) - Canada"}}, {"model": "service.fundingprogram", "pk": "6696c8f7-7625-473d-8318-9ed90c887a86", "fields": {"name": "Union Civil Protection Mechanism \u2014 Outside EU (CPM_H4)"}}, {"model": "service.fundingprogram", "pk": "6a874fa0-9c5d-480f-887e-23dc0fa2a935", "fields": {"name": "Asylum, Migration and Integration Fund (AMF)"}}, {"model": "service.fundingprogram", "pk": "6b1355a3-838f-4a1c-97c6-3e53db88eb69", "fields": {"name": "Programme for the Environment and Climate Action (LIFE2020)"}}, {"model": "service.fundingprogram", "pk": "6c7f5391-6214-4f2f-b308-9c1288f7fde4", "fields": {"name": "Rights, equality and citizenship programme (CDF2020)"}}, {"model": "service.fundingprogram", "pk": "6ceccbf1-928e-4b36-bd69-c3b5f4f92381", "fields": {"name": "Regional convergence (less developed regions) (REGCONV)"}}, {"model": "service.fundingprogram", "pk": "6f58056f-7a5d-41e9-b66e-41b1bd9f1c61", "fields": {"name": "Humanitarian aid (HUMA2020)"}}, {"model": "service.fundingprogram", "pk": "6fe09992-df8b-45a1-b094-0ca49e7698f8", "fields": {"name": "Interoperability Solutions for European public administrations, businesses and citizens (ISA2020)"}}, {"model": "service.fundingprogram", "pk": "71013420-d5be-4fbc-b863-8af35c548c29", "fields": {"name": "The framework programme for research and innovation (H2020)"}}, {"model": "service.fundingprogram", "pk": "7252f05c-ba3d-4a74-98f9-118a94d2bad6", "fields": {"name": "EU cooperation with Greenland (GRLD2020)"}}, {"model": "service.fundingprogram", "pk": "731698b4-4f59-48d5-856e-a463627cfd51", "fields": {"name": "European statistical programme (ESP2017)"}}, {"model": "service.fundingprogram", "pk": "73ea4e5e-5a04-4579-9329-d3d29104967e", "fields": {"name": "Programme for the competitiveness of enterprises and small and medium-sized enterprises (COSME)"}}, {"model": "service.fundingprogram", "pk": "78fc9b89-c9a4-48aa-8407-e1ca8ac7b7b2", "fields": {"name": "Schengen Information System (SIS2020)"}}, {"model": "service.fundingprogram", "pk": "7b3d7c89-c508-44ac-8a29-338703c815de", "fields": {"name": "European Agricultural Guarantee Fund (EAGF2020)"}}, {"model": "service.fundingprogram", "pk": "7cce63d0-8af8-48a0-82ad-3e6f5acf7980", "fields": {"name": "National University Research Council (CNCSIS) - Romania"}}, {"model": "service.fundingprogram", "pk": "7e813d69-2382-4a47-bf7f-a0324d72bc8d", "fields": {"name": "Vienna Science and Technology Fund (WWTF) - Austria"}}, {"model": "service.fundingprogram", "pk": "7e888045-1fb8-43b0-9012-1317cb1a47ac", "fields": {"name": "Wellcome trust (WT) - United Kingdom"}}, {"model": "service.fundingprogram", "pk": "7e9d20fb-6b61-4731-a359-9e13b98a7948", "fields": {"name": "European Fund for Sustainable Development (EFSD)"}}, {"model": "service.fundingprogram", "pk": "7f926d25-254f-401d-ab87-e72e7a58e05d", "fields": {"name": "European Instrument for Democracy and Human Rights (EIDHR2020)"}}, {"model": "service.fundingprogram", "pk": "81c770c5-176a-49bd-b3cb-82bc57592edc", "fields": {"name": "Justice programme (JUST)"}}, {"model": "service.fundingprogram", "pk": "855037f8-9fd2-41f4-99d3-b36063575816", "fields": {"name": "Technology Foundation (STW) - Netherlands"}}, {"model": "service.fundingprogram", "pk": "87efd223-0b6c-4c9a-a336-2c4b06edad92", "fields": {"name": "Implementation and exploitation of European satellite navigation systems (EGNOS and Galileo) (GAL2014)"}}, {"model": "service.fundingprogram", "pk": "880120bd-1c21-44f2-bfd9-ee2f66985f2a", "fields": {"name": "Swedish Energy Agency - Sweden"}}, {"model": "service.fundingprogram", "pk": "897f257a-886e-4020-8d38-21523fb87c3d", "fields": {"name": "The Icelandic Centre for Research (RANNIS) - Iceland"}}, {"model": "service.fundingprogram", "pk": "8d28cbbd-7a60-433a-9e1f-aa214c5331a5", "fields": {"name": "The Ministry of Education, Science, Research and Sports of the Slovak Republic (MSVVaS SR) - Slovakia"}}, {"model": "service.fundingprogram", "pk": "8f646e84-abc9-4e7b-894d-e0a377aabb73", "fields": {"name": "Programme to promote activities in the field of the protection of the European Union's financial interests (HERC3)"}}, {"model": "service.fundingprogram", "pk": "907cba92-d2eb-4cb0-ad51-7f8a669c9cd6", "fields": {"name": "Compulsory contributions to regional fisheries management organisations (RFMOs) and to other international organisations"}}, {"model": "service.fundingprogram", "pk": "96652c85-a652-4664-8b77-99633b2f1ea3", "fields": {"name": "Instrument of financial support for encouraging the economic development of the Turkish Cypriot community (TCC)"}}, {"model": "service.fundingprogram", "pk": "96b57a58-9315-4c9c-8cbe-355abb71a5da", "fields": {"name": "Swedish Governmental Agency for Innovation Systems (VINNOVA) - Sweden"}}, {"model": "service.fundingprogram", "pk": "9b0d3ece-24c0-4630-ac75-85048c0af6f4", "fields": {"name": "Instrument for Nuclear Safety Cooperation (INSC2020)"}}, {"model": "service.fundingprogram", "pk": "9bccd06b-ca7c-4915-8b76-dbb0b6ea1887", "fields": {"name": "Sustainable Fisheries Partnership Agreements (SFPAs)"}}, {"model": "service.fundingprogram", "pk": "9c2e13e4-f301-42c1-b195-95ca4206ff6e", "fields": {"name": "UK Research and Innovation (UKRI) - United Kingdom"}}, {"model": "service.fundingprogram", "pk": "a0adc7d8-0386-41fe-b02e-cb20e6b3c178", "fields": {"name": "European Union programme for employment and social innovation (PSCI)"}}, {"model": "service.fundingprogram", "pk": "a1b4ae31-3ec4-403d-ba6c-1eb322a504cd", "fields": {"name": "Slovenian Research Agency (ARRS) - Slovenia"}}, {"model": "service.fundingprogram", "pk": "a42e8c1b-788c-439b-b6f5-c8feac899555", "fields": {"name": "Food and feed (FF2020)"}}, {"model": "service.fundingprogram", "pk": "aa3c2b08-26c8-49bb-9583-8ec48104150d", "fields": {"name": "Swiss National Science Foundation (SNF) - Switzerland"}}, {"model": "service.fundingprogram", "pk": "aba502b6-5a3e-4252-95c1-0b34474da877", "fields": {"name": "Interoperability Solutions for European Public Administrations (ISA2015)"}}, {"model": "service.fundingprogram", "pk": "ac6f554d-0e74-43b8-9f18-a68af68138dc", "fields": {"name": "European Neighbourhood Instrument (ENI)"}}, {"model": "service.fundingprogram", "pk": "ad61f48a-0a53-4b56-a80f-96bd7390c736", "fields": {"name": "Energy projects to aid economic recovery (EERP)"}}, {"model": "service.fundingprogram", "pk": "b0d1ccb9-2079-4e4f-9ca3-d456ee2e721b", "fields": {"name": "Science and Technology Facilities Council (STFC) - United Kingdom"}}, {"model": "service.fundingprogram", "pk": "b149d3cc-b654-44a9-afb7-d95d9cdd21a7", "fields": {"name": "Swedish Radiation Safety Authority - Sweden"}}, {"model": "service.fundingprogram", "pk": "b3ab7889-d749-4fa7-9d65-3ee4ef3d0137", "fields": {"name": "Research and Development Agency (APVV) - Slovakia"}}, {"model": "service.fundingprogram", "pk": "b53c1897-b8b7-45e0-b409-eba815abca41", "fields": {"name": "Europe for Citizens (CIT2020)"}}, {"model": "service.fundingprogram", "pk": "b55d218f-e604-4b42-b9c6-b1b6d3476b89", "fields": {"name": "Tara Expeditions Foundation (TARA) - France"}}, {"model": "service.fundingprogram", "pk": "b58ee05a-f7c3-4091-9425-1f2e623fdd0d", "fields": {"name": "European territorial cooperation (TERRCOOP)"}}, {"model": "service.fundingprogram", "pk": "b5ffbc88-e80d-434d-bf32-4091f4d1eb38", "fields": {"name": "Scientific and Technological Research Council of Turkey (TUBITAK) - Turkey"}}, {"model": "service.fundingprogram", "pk": "bbf5f329-17cb-49c5-a45b-1f3e1684cdce", "fields": {"name": "Swedish National Space Board (SNSB) - Sweden"}}, {"model": "service.fundingprogram", "pk": "bcc85f8b-1dff-422b-981d-0ca147a3c985", "fields": {"name": "Anti Fraud Information System (AFIS2020)"}}, {"model": "service.fundingprogram", "pk": "bdd3dfd4-5963-4e7c-8a41-8376505e5c49", "fields": {"name": "S\u00e3o Paulo Research Foundation (FAPESP) - Brazil"}}, {"model": "service.fundingprogram", "pk": "bdff5da1-9147-4f08-af3c-fab0d7d256ea", "fields": {"name": "Fund for European Aid to the Most Deprived (FEAD)"}}, {"model": "service.fundingprogram", "pk": "bf52eb9f-a5bd-4a2d-9416-232f953ccb65", "fields": {"name": "Net transfer between EAGF and EAFRD (AGRNET)"}}, {"model": "service.fundingprogram", "pk": "c3569640-737c-4a80-8888-17a79fc5d89c", "fields": {"name": "Research Council of Norway (RCN) - Norway"}}, {"model": "service.fundingprogram", "pk": "c40b3ff7-1e4b-4141-8658-4ccd2c560f8e", "fields": {"name": "State Education Development Agency (VIAA) - Latvia"}}, {"model": "service.fundingprogram", "pk": "c4aab9d1-c583-4f4d-bba2-2fa15d203ebc", "fields": {"name": "National Science Center (NCN) - Poland"}}, {"model": "service.fundingprogram", "pk": "c74192b2-e0e7-483b-8d0d-de12a25327ef", "fields": {"name": "Macro financial assistance (MFA)"}}, {"model": "service.fundingprogram", "pk": "cc23c63f-d65c-4c0b-a236-1079bc4343e4", "fields": {"name": "Swedish Reseach Council Formas - Sweden"}}, {"model": "service.fundingprogram", "pk": "cd8f760a-e2ae-4deb-91d4-09907e17c0e1", "fields": {"name": "The Swedish Foundation for Humanities and Social Sciences (RJ) - Sweden"}}, {"model": "service.fundingprogram", "pk": "ce371ab7-c07b-4eb0-963d-12a190ad643c", "fields": {"name": "Supplementary high flux reactor (HFR) programmes (HFR2015)"}}, {"model": "service.fundingprogram", "pk": "cf8c4203-73fe-408c-91cd-a4f174ca1a9c", "fields": {"name": "The Danish Council for Independent Research (DDF) - Denmark"}}, {"model": "service.fundingprogram", "pk": "cfc9320d-c384-446e-be0a-fd0a4b514880", "fields": {"name": "European Agricultural Guarantee Fund (after transfers between EAGF and EAFRD) (AGR)"}}, {"model": "service.fundingprogram", "pk": "d1dd684d-dc9b-4343-a289-95e00f460e9b", "fields": {"name": "Union Civil Protection Mechanism \u2014 Member States (CPM_H3)"}}, {"model": "service.fundingprogram", "pk": "d30a7349-088a-40bc-985e-189ad9bbe062", "fields": {"name": "Research Foundation Flanders (FWO) - Belgium"}}, {"model": "service.fundingprogram", "pk": "d3aebba4-618b-4101-ac14-87eca3a13fff", "fields": {"name": "European Social Fund (ESF)"}}, {"model": "service.fundingprogram", "pk": "d554497c-2243-4687-b71e-548ff1d2748e", "fields": {"name": "Competitiveness (more developed regions) (COMPREG)"}}, {"model": "service.fundingprogram", "pk": "da1dfb94-cb48-4fb3-abd9-bfbfe3428b40", "fields": {"name": "European Union Solidarity Fund (EUSF) \u2014 Countries negotiating for accession (EUSF_H4)"}}, {"model": "service.fundingprogram", "pk": "db7ce635-2cc4-4fd6-b7f7-21fc645337ff", "fields": {"name": "European Fund for Strategic Investments (EFSI)"}}, {"model": "service.fundingprogram", "pk": "dccc373a-8a0e-48f0-8bc9-4c6565044b1d", "fields": {"name": "The Research Council of Norway - Norway"}}, {"model": "service.fundingprogram", "pk": "e3520b5f-83d1-402a-8820-15eb17e5751e", "fields": {"name": "European Regional Development Fund (ERDF)"}}, {"model": "service.fundingprogram", "pk": "e3806dcb-5a6a-486e-9042-20b9a09591c9", "fields": {"name": "Finnish Funding Agency for Technology and Innovation (TEKES) - Finland"}}, {"model": "service.fundingprogram", "pk": "e3fe7c81-6fa0-48e3-8e12-dc34726b7e62", "fields": {"name": "Secretariat-General for Investment (SGPI) - France"}}, {"model": "service.fundingprogram", "pk": "e5f97c01-a1c3-49ef-b5da-b453ed2944a6", "fields": {"name": "Creative Europe programme (CREA)"}}, {"model": "service.fundingprogram", "pk": "e73f9c67-9526-411c-9f1c-2c3619a9ca36", "fields": {"name": "Swedish Foundation for Strategic Research (SSF) - Sweden"}}, {"model": "service.fundingprogram", "pk": "e7ab6240-601b-4015-bf37-a18fc00f596f", "fields": {"name": "Action programme for taxation in the European Union (FISC2020)"}}, {"model": "service.fundingprogram", "pk": "ea7e0d6e-62f0-482b-930d-8673340bc187", "fields": {"name": "The Union programme for education, training, youth and sport (Erasmus+) (E4A)"}}, {"model": "service.fundingprogram", "pk": "eb34bde1-07fd-4d79-98f2-b594c95bd9d3", "fields": {"name": "Instrument for Pre-accession Assistance (IPA2)"}}, {"model": "service.fundingprogram", "pk": "efe1f223-2ad9-4fac-893d-c11343287ed8", "fields": {"name": "Technology Agency of the Czech Republic (TACR) - Czechia"}}, {"model": "service.fundingprogram", "pk": "f2829509-dfc9-48bf-bc4c-41773a3710fb", "fields": {"name": "Swedish Environmental Protection Agency - Sweden"}}, {"model": "service.fundingprogram", "pk": "fa50bfff-7145-485a-8860-a39d5656bb49", "fields": {"name": "Consumer programme (CONS)"}}, {"model": "service.fundingprogram", "pk": "fd308e5c-819e-4f3d-bf8b-dd0c09b7bf38", "fields": {"name": "Union's action in the field of health (Health programme) (HEALTH)"}}, {"model": "service.fundingprogram", "pk": "fd62be57-49ae-4567-aaf8-f4f9532c3b20", "fields": {"name": "Nuclear decommissioning assistance programmes in Bulgaria, Lithuania and Slovakia (ND)"}}, {"model": "service.fundingprogram", "pk": "ff79dc55-7543-4d3d-8cfa-cf1f25d2a21b", "fields": {"name": "Comparison of fingerprints for the effective application of the Dublin Convention (EURODAC2020)"}}, {"model": "service.accesstype", "pk": "7eeb9387-c7f5-42cb-8354-fc4ee4e16bc1", "fields": {"name": "Remote", "description": "Resources are delivered remotely with the use of a physical infrastructure. The user is able to remotely work with the physical RI without the need of physical presence."}}, {"model": "service.accesstype", "pk": "a99e4c27-e504-496f-83d8-2283a0a3c367", "fields": {"name": "Virtual", "description": "The Resource is delivered through a virtual infrastructure that the use may access virtually through the web or an intranet."}}, {"model": "service.accesstype", "pk": "a9f66925-341d-4227-849d-5433ed039960", "fields": {"name": "Physical", "description": "Resources require a physical presence of the user. The user can only access the RI if he is physically present in the specific location that the RI is offered."}}, {"model": "service.accesstype", "pk": "bb9b297f-e58d-41ee-8077-d112d2787163", "fields": {"name": "Mail-in", "description": "Samples are sent in to for e.g. analysis and the results are returned to the user without the user actually accessing the RI"}}, {"model": "service.accesstype", "pk": "f23eb0db-586d-4b4a-aa97-f0cad12a6e78", "fields": {"name": "Other", "description": ""}}, {"model": "service.accessmode", "pk": "39d6b1b9-5a28-4dec-a7d9-4c229e962a73", "fields": {"name": "Free", "description": "Users can freely access the Resource provided, registration may be needed."}}, {"model": "service.accessmode", "pk": "48f7f038-64ed-4a9c-bc44-47112d6a9155", "fields": {"name": "Free conditionally", "description": "Users are granted access based on defined policies; such policies usually apply to Resources being offered with \u201csponsored use\u201d to meet some national or EU level objective; for instance, a country may offer Resources with \u201csponsored use\u201d to support national researchers involved in international collaborations."}}, {"model": "service.accessmode", "pk": "7145d359-0de9-47fe-bc1d-888fd9866c1b", "fields": {"name": "Peer-reviewed", "description": "Users are selected based on scientific excellence evaluation, originality, quality and technical and ethical feasibility of an application evaluated through peer review conducted by internal or external experts of the activity to be supported by the Resource"}}, {"model": "service.accessmode", "pk": "7424207b-7194-48ff-a8e4-9fa1193bd4bf", "fields": {"name": "Paid", "description": "Users need to pay a fee to access the Resource"}}, {"model": "service.accessmode", "pk": "aca44c3e-54ae-4d8d-8d7b-e259df3dfc28", "fields": {"name": "Other", "description": ""}}, {"model": "service.trl", "pk": "2cb99d96-6404-425f-a1c8-2d7a7e87ea4e", "fields": {"name": "TRL8", "description": "System complete and qualified"}}, {"model": "service.trl", "pk": "50726038-a9b1-4be2-bfb0-c5302ea6230d", "fields": {"name": "TRL5", "description": "Technology validated in relevant environment (industrially relevant environment in the case of key enabling technologies)"}}, {"model": "service.trl", "pk": "556c1481-9dc6-4d67-ab78-cf1a0140bb36", "fields": {"name": "TRL1", "description": "Basic principles observed"}}, {"model": "service.trl", "pk": "5af323ad-f244-415e-9cd0-9367e7948300", "fields": {"name": "TRL9", "description": "Actual system proven in operational environment (competitive manufacturing in the case of key enabling technologies; or in space)"}}, {"model": "service.trl", "pk": "8050357e-2d36-40e3-9e77-d7813919659b", "fields": {"name": "TRL7", "description": "System prototype demonstration in operational environment"}}, {"model": "service.trl", "pk": "99830473-2e10-4563-bad7-9f2b017105e7", "fields": {"name": "TRL6", "description": "Technology demonstrated in relevant environment (industrially relevant environment in the case of key enabling technologies)"}}, {"model": "service.trl", "pk": "b0eb02a5-dcf6-417b-ad22-456e9ee5b4cd", "fields": {"name": "TRL2", "description": "Technology concept formulated"}}, {"model": "service.trl", "pk": "bd26118c-2e7e-45ff-9113-33820a4af938", "fields": {"name": "TRL3", "description": "Experimental proof of concept"}}, {"model": "service.trl", "pk": "faeaadde-926f-4fbf-ac15-3760175e261f", "fields": {"name": "TRL4", "description": "Technology validated in lab"}}, {"model": "service.lifecyclestatus", "pk": "0525009f-a9e2-4f63-bb9a-922736cb7b67", "fields": {"name": "Other", "description": ""}}, {"model": "service.lifecyclestatus", "pk": "2bf6908f-f438-4a44-b06f-3c8efc2c5c74", "fields": {"name": "Operation", "description": "Resource offered"}}, {"model": "service.lifecyclestatus", "pk": "3746bb1d-6b19-4238-b529-23359979cab2", "fields": {"name": "Concept", "description": "Concept development"}}, {"model": "service.lifecyclestatus", "pk": "431f335f-7416-4be2-9c79-5908fdc09cc0", "fields": {"name": "Production", "description": "Resource available in the live environment"}}, {"model": "service.lifecyclestatus", "pk": "53c119d1-d2b3-429d-bdb0-6a332b28a160", "fields": {"name": "Termination", "description": "Resource dissolution, dismantling"}}, {"model": "service.lifecyclestatus", "pk": "73d76a0e-1e21-46e5-b5c9-51536f74992b", "fields": {"name": "Discovery", "description": "Researching users needs, exploring technological or policy constraints"}}, {"model": "service.lifecyclestatus", "pk": "83675dd8-41d3-4ec7-9fd0-ecbaef6106e5", "fields": {"name": "Implementation", "description": "Resource in deployment"}}, {"model": "service.lifecyclestatus", "pk": "a001d7fc-4671-4a26-8b14-705d6c252979", "fields": {"name": "Planned", "description": "Resource plan defined"}}, {"model": "service.lifecyclestatus", "pk": "a871b7b1-0637-45a2-886e-60f447a3c20c", "fields": {"name": "Retirement", "description": "Resource is not anymore offered"}}, {"model": "service.lifecyclestatus", "pk": "a89291ef-04ae-40f2-a7ec-e221707651c6", "fields": {"name": "Beta", "description": "Resource being developed while available for testing publicly"}}, {"model": "service.lifecyclestatus", "pk": "b4cdca46-ca9a-4e8c-a60f-eb53f9a86910", "fields": {"name": "Alpha", "description": "Resource prototype available for closed set of users"}}, {"model": "service.lifecyclestatus", "pk": "c490fbb9-1362-4158-858d-3b6fb3e2b0fb", "fields": {"name": "Design", "description": "Resource in design"}}, {"model": "service.lifecyclestatus", "pk": "ca92649a-87bb-4a9d-89a7-52950dd3a90a", "fields": {"name": "Preparation", "description": "Resource in preparatory phase"}}, {"model": "service.lifecyclestatus", "pk": "d05b108f-e8ef-40f1-9af7-3947326b3566", "fields": {"name": "In containment", "description": "Resource active, but generally not available to new users"}}, {"model": "service.resource", "pk": "12f8e71a-53bf-4a4d-ba91-615bf8531ff6", "fields": {"erp_bai_0_id": "eudat.b2handle", "erp_bai_1_name": "B2Handle", "erp_bai_2_organisation": "89baefa0-fe82-4166-a206-408f94af78b6", "erp_bai_4_webpage": "https://www.eudat.eu/catalogue/B2HANDLE", "erp_mri_1_description": "<p><span style=\"color: #444444; font-family: 'Open Sans'; font-size: 16px; background-color: #f9f9f9;\">B2HANDLE is the distributed service for minting, storing, managing and accessing persistent identifiers (PIDs) and essential metadata (PID records) as well as managing PID namespaces. The implementation of the service relies on the DONA/Handle persistent identifier solution.</span></p>", "erp_mri_2_tagline": null, "erp_mri_3_logo": null, "erp_mri_4_mulitimedia": null, "erp_mri_5_use_cases": null, "erp_cli_8_tags": "", "erp_mgi_1_helpdesk_webpage": "https://www.eudat.eu/contact-support-request?service=B2HANDLE", "erp_mgi_2_user_manual": "http://eudat.eu/services/userdoc/pids-in-eudat", "erp_mgi_3_terms_of_use": "http://hdl.handle.net/11304/e43b2e3f-83c5-4e3f-b8b7-18d38d37a6cd", "erp_mgi_4_privacy_policy": "http://hdl.handle.net/11304/e43b2e3f-83c5-4e3f-b8b7-18d38d37a6cd", "erp_mgi_5_access_policy": null, "erp_mgi_6_sla_specification": null, "erp_mgi_7_training_information": "", "erp_mgi_8_status_monitoring": null, "erp_mgi_9_maintenance": null, "erp_gla_1_geographical_availability": "Europe", "erp_gla_2_language": "en", "erp_rli_1_geographic_location": "Other", "main_contact": "f1c1a507-81c4-46f5-9238-1fd09dd0afa6", "public_contact": "f1c1a507-81c4-46f5-9238-1fd09dd0afa6", "erp_coi_13_helpdesk_email": null, "erp_coi_14_security_contact_email": null, "erp_mti_1_technology_readiness_level": null, "erp_mti_2_life_cycle_status": null, "erp_mti_3_certifications": null, "erp_mti_4_standards": null, "erp_mti_5_open_source_technologies": null, "erp_mti_6_version": null, "erp_mti_7_last_update": null, "erp_mti_8_changelog": null, "erp_dei_3_related_platforms": null, "erp_ati_3_grant_project_name": null, "erp_aoi_1_order_type": null, "erp_aoi_2_order": null, "erp_fni_1_payment_model": null, "erp_fni_2_pricing": null, "erp_bai_3_providers": ["df58c333-a020-4476-814e-8a0e3615d2e9"], "erp_cli_1_scientific_domain": ["662ecbf6-f77f-4a8f-86ab-121a2f9f5a4f"], "erp_cli_2_scientific_subdomain": ["a68a80c8-dec1-4b36-8525-f7a69ff7cbf6"], "erp_cli_3_category": ["48b736ef-9541-45de-a1e1-dea2f98f1891"], "erp_cli_4_subcategory": ["394cba3a-211a-4b27-ba65-c5080fd93d2a"], "erp_cli_5_target_users": ["3d840ff1-d5dc-496b-a10f-1c23a1bac49b", "406b8a08-bb16-4e0d-b6c1-365c93ac9f47", "47568a8b-b704-4f3b-940e-afe03a87fb86", "a3a799bc-1d78-4b76-9542-3651a69573b3", "a638d8d5-123c-4475-a820-ca28cb9146b6", "ae6bdfd4-95f5-4019-8fa9-1bae6c59d4fa", "ba5b9400-cc4f-414e-ad44-15e70b22a941", "c98aaa8a-17e0-4fc0-ad69-bc80a5dfe824", "f16ba466-da13-4de6-8c76-0c5b5f2a013f"], "erp_cli_6_access_type": [], "erp_cli_7_access_mode": [], "required_resources": [], "related_resources": [], "erp_ati_1_funding_body": [], "erp_ati_2_funding_program": []}}, {"model": "service.resource", "pk": "abfd63cc-b0c7-427b-a808-e37521527bc0", "fields": {"erp_bai_0_id": "egi.cloud.compute", "erp_bai_1_name": "Cloud Computing", "erp_bai_2_organisation": "89216ca6-9740-4b71-86e4-d8d17ed4edf1", "erp_bai_4_webpage": "https://marketplace.egi.eu/31-cloud-compute", "erp_mri_1_description": "<h3 style=\"box-sizing: border-box; margin: 18px 0px 9px; padding: 0px; border: 0px; font-variant-numeric: inherit; font-variant-east-asian: inherit; font-weight: 500; font-stretch: inherit; line- font-family: Hind, Arial, Helvetica, sans-serif; font-size: 23px; vertical-align: baseline; color: #555454; background-color: #eeeeee;\">Run virtual machines on-demand with complete control over computing resources.</h3>\n<p style=\"box-sizing: border-box; margin: 0px 0px 9px; padding: 0px; border: 0px; font-variant-numeric: inherit; font-variant-east-asian: inherit; font-stretch: inherit; line- font-family: Hind, Arial, Helvetica, sans-serif; font-size: 16px; vertical-align: baseline; color: #555454; background-color: #eeeeee;\">With Cloud Compute you can deploy and scale virtual machines on\u00ad-demand. Cloud Compute offers guaranteed computational resources in a secure and isolated environment with standard API access, without the overhead of managing physical servers.</p>\n<p style=\"box-sizing: border-box; margin: 0px 0px 9px; padding: 0px; border: 0px; font-variant-numeric: inherit; font-variant-east-asian: inherit; font-stretch: inherit; line- font-family: Hind, Arial, Helvetica, sans-serif; font-size: 16px; vertical-align: baseline; color: #555454; background-color: #eeeeee;\">Cloud Compute offers the possibility to select pre\u00adconfigured virtual appliances (e.g. CPU, memory, disk, operating system or software) from a catalogue replicated across all EGI cloud providers.</p>", "erp_mri_2_tagline": "Cloud computing at your fingertips", "erp_mri_3_logo": "noloog.required", "erp_mri_4_mulitimedia": "pongo.eu", "erp_mri_5_use_cases": null, "erp_cli_8_tags": "", "erp_mgi_1_helpdesk_webpage": "ggus.eu", "erp_mgi_2_user_manual": "no.manual.written", "erp_mgi_3_terms_of_use": "who.cares.just.use.it", "erp_mgi_4_privacy_policy": "no.policy.given", "erp_mgi_5_access_policy": null, "erp_mgi_6_sla_specification": null, "erp_mgi_7_training_information": null, "erp_mgi_8_status_monitoring": null, "erp_mgi_9_maintenance": null, "erp_gla_1_geographical_availability": "Europe", "erp_gla_2_language": "en", "erp_rli_1_geographic_location": "Other", "main_contact": null, "public_contact": null, "erp_coi_13_helpdesk_email": null, "erp_coi_14_security_contact_email": null, "erp_mti_1_technology_readiness_level": null, "erp_mti_2_life_cycle_status": null, "erp_mti_3_certifications": null, "erp_mti_4_standards": null, "erp_mti_5_open_source_technologies": null, "erp_mti_6_version": null, "erp_mti_7_last_update": null, "erp_mti_8_changelog": null, "erp_dei_3_related_platforms": null, "erp_ati_3_grant_project_name": null, "erp_aoi_1_order_type": null, "erp_aoi_2_order": null, "erp_fni_1_payment_model": null, "erp_fni_2_pricing": null, "erp_bai_3_providers": [], "erp_cli_1_scientific_domain": ["844384cf-e7bf-4166-a233-d5020e483fe7"], "erp_cli_2_scientific_subdomain": ["26ef3ed0-15e3-49e9-ab57-5a8cf6a19639"], "erp_cli_3_category": ["3ddaf0af-4e7e-4c23-86ef-d5db4ae5312c"], "erp_cli_4_subcategory": ["762cb014-d7d4-4bbe-807f-efd085d81817"], "erp_cli_5_target_users": [], "erp_cli_6_access_type": [], "erp_cli_7_access_mode": [], "required_resources": [], "related_resources": [], "erp_ati_1_funding_body": [], "erp_ati_2_funding_program": []}}, {"model": "service.resource", "pk": "e3c9afc4-6426-4e0a-9488-d797896f8df7", "fields": {"erp_bai_0_id": "egi.test", "erp_bai_1_name": "test", "erp_bai_2_organisation": "89216ca6-9740-4b71-86e4-d8d17ed4edf1", "erp_bai_4_webpage": "test.eu", "erp_mri_1_description": "<p>test</p>", "erp_mri_2_tagline": null, "erp_mri_3_logo": "test.logo", "erp_mri_4_mulitimedia": null, "erp_mri_5_use_cases": null, "erp_cli_8_tags": "", "erp_mgi_1_helpdesk_webpage": "test.helpdesk", "erp_mgi_2_user_manual": "my.manual", "erp_mgi_3_terms_of_use": "my.terms.of.use", "erp_mgi_4_privacy_policy": "my.privacy", "erp_mgi_5_access_policy": null, "erp_mgi_6_sla_specification": null, "erp_mgi_7_training_information": null, "erp_mgi_8_status_monitoring": null, "erp_mgi_9_maintenance": null, "erp_gla_1_geographical_availability": "Europe", "erp_gla_2_language": "en", "erp_rli_1_geographic_location": "Other", "main_contact": null, "public_contact": null, "erp_coi_13_helpdesk_email": null, "erp_coi_14_security_contact_email": null, "erp_mti_1_technology_readiness_level": null, "erp_mti_2_life_cycle_status": null, "erp_mti_3_certifications": null, "erp_mti_4_standards": null, "erp_mti_5_open_source_technologies": null, "erp_mti_6_version": null, "erp_mti_7_last_update": null, "erp_mti_8_changelog": null, "erp_dei_3_related_platforms": null, "erp_ati_3_grant_project_name": null, "erp_aoi_1_order_type": null, "erp_aoi_2_order": null, "erp_fni_1_payment_model": null, "erp_fni_2_pricing": null, "erp_bai_3_providers": [], "erp_cli_1_scientific_domain": ["5df3124a-b8af-44d3-9dbf-64f18022d8cd"], "erp_cli_2_scientific_subdomain": ["26ef3ed0-15e3-49e9-ab57-5a8cf6a19639"], "erp_cli_3_category": ["3ddaf0af-4e7e-4c23-86ef-d5db4ae5312c"], "erp_cli_4_subcategory": ["a2e82ef2-a8c7-49b9-bd2f-92365525942e"], "erp_cli_5_target_users": [], "erp_cli_6_access_type": [], "erp_cli_7_access_mode": [], "required_resources": [], "related_resources": [], "erp_ati_1_funding_body": [], "erp_ati_2_funding_program": []}}, {"model": "accounts.network", "pk": "00c82381-83ec-40a2-8af1-43a176e3dc67", "fields": {"name": "Advanced MEMS For RF and Millimeter Wave Communications", "abbreviation": "AMICOM"}}, {"model": "accounts.network", "pk": "01808699-2603-413d-a0ad-33dea95797e7", "fields": {"name": "Parelsnoer Institute", "abbreviation": "PSI"}}, {"model": "accounts.network", "pk": "02ff38f4-414f-4810-a471-235232cd155a", "fields": {"name": "Development of european pilot network of stations for observing cloud profiles", "abbreviation": "CLOUD-NET"}}, {"model": "accounts.network", "pk": "045ae441-8d4b-436b-ae76-3da347867bac", "fields": {"name": "European Librarians in African Studies", "abbreviation": "ELIAS"}}, {"model": "accounts.network", "pk": "0575f974-58cb-475b-9fc6-2279e8689971", "fields": {"name": "Marine Renewables Infrastructure Network for Emerging Energy Technologies", "abbreviation": "MARINET"}}, {"model": "accounts.network", "pk": "06888462-cc49-4d6d-9093-10bac4bfde1c", "fields": {"name": "Square Kilometer Array", "abbreviation": "SKA"}}, {"model": "accounts.network", "pk": "06a546d7-178c-4dbc-bfb4-a3b8c9794a72", "fields": {"name": "International Tokamak Physics Activity", "abbreviation": "ITPA"}}, {"model": "accounts.network", "pk": "0745f112-2b7e-40ce-94dd-855d56f7fb77", "fields": {"name": "Resource Network Supporting Academic Chemical Biology Research", "abbreviation": "ChemBioNet"}}, {"model": "accounts.network", "pk": "091f2f07-1775-4d7a-8029-fff48c4ffdbf", "fields": {"name": "Teide and Roque de los Muchachos Observatories", "abbreviation": "ORM"}}, {"model": "accounts.network", "pk": "0a049166-153d-43af-8931-fdd47d9efea4", "fields": {"name": "Biobank Standardisation and Harmonisation for Research Excellence in the European Union", "abbreviation": "BioSHaRE-EU"}}, {"model": "accounts.network", "pk": "0b15fe27-d28c-4512-a72f-81d5cacdbff1", "fields": {"name": "Astrodynamics Network", "abbreviation": "ASTRONET"}}, {"model": "accounts.network", "pk": "0c7cf710-8bba-4b8e-b78c-9521302430ce", "fields": {"name": "Global Ocean Observing System", "abbreviation": "GOOS"}}, {"model": "accounts.network", "pk": "0cf4dd79-f05d-46b9-a68d-ddbd6d0b2b67", "fields": {"name": "Large Binocular Telescope", "abbreviation": "LBT"}}, {"model": "accounts.network", "pk": "0d33bdb2-4473-47b2-99de-7e23625451f2", "fields": {"name": "International Mouse Phenotyping Consortium", "abbreviation": "IMPC"}}, {"model": "accounts.network", "pk": "0d9e3715-cc9c-4374-950a-74b59c40c88b", "fields": {"name": "Coordinated Research Infrastructures Building Enduring Life-Science Services", "abbreviation": "CORBEL"}}, {"model": "accounts.network", "pk": "0e29adef-a19c-4406-9943-88b26c94deee", "fields": {"name": "Innovation Technologies and Applications for Coastal Archaeological sites", "abbreviation": "ITACA"}}, {"model": "accounts.network", "pk": "0e8d7222-4894-4fa1-9534-eac6d999b264", "fields": {"name": "European Federation for Primatology", "abbreviation": "EFP"}}, {"model": "accounts.network", "pk": "0ebefd44-517f-4440-83a7-1c2d121da33e", "fields": {"name": "Zoonoses Anticipation and Preparedness Initiative", "abbreviation": "ZAPI"}}, {"model": "accounts.network", "pk": "0ecce9e8-1db7-482a-b44f-9781543f1073", "fields": {"name": "Strange Particles in Hadronic Environment Research in Europe", "abbreviation": "SPHERE"}}, {"model": "accounts.network", "pk": "0f1a349d-ee95-41de-8450-304772916a89", "fields": {"name": "Standing Committee Research Data Infrastructure", "abbreviation": "FDI"}}, {"model": "accounts.network", "pk": "126bcdc9-b32e-486f-8105-60f26b6e6daf", "fields": {"name": "Society of Primatology", "abbreviation": "ASP"}}, {"model": "accounts.network", "pk": "13cb215f-3e17-46cd-8371-73d1f45c7a40", "fields": {"name": "New operational steps towards an alliance of European research fleets", "abbreviation": "EUROFLEETS2"}}, {"model": "accounts.network", "pk": "13df8c24-b96a-47fd-a04c-e5c1eeca94b8", "fields": {"name": "High-Resolution Solar Physics Network", "abbreviation": "SOLARNET"}}, {"model": "accounts.network", "pk": "1415c4db-facb-4cd1-9eef-a71f8e99a56a", "fields": {"name": "European Network of Marine Research Institutes and Stations", "abbreviation": "MARS"}}, {"model": "accounts.network", "pk": "14383fc6-3032-44b6-984b-3a6123d1de70", "fields": {"name": "An international network of 50 CubeSats for multi-point, in-situ measurements in the lower thermosphere and re-entry research", "abbreviation": "QB50"}}, {"model": "accounts.network", "pk": "1552fda4-b4fc-4720-be86-eba64c49672b", "fields": {"name": "Infrafrontier The European infrastructure for phenotyping and archiving of model mammalian genomes", "abbreviation": "INFRAFRONTIER"}}, {"model": "accounts.network", "pk": "15cb9aa8-21d5-4772-9a33-1d93da47a6dd", "fields": {"name": "Helmholtz Centre for Infection Research", "abbreviation": "HZI"}}, {"model": "accounts.network", "pk": "184b025b-c16a-4f7f-92e3-9cc383b1759b", "fields": {"name": "European Aerosol Research Lidar Network", "abbreviation": "EARLINET"}}, {"model": "accounts.network", "pk": "18ebe709-3c96-4e37-bceb-5ebeedf3ec5f", "fields": {"name": "Astroparticle Physics European Coordination", "abbreviation": "ApPEC"}}, {"model": "accounts.network", "pk": "1a76acbb-243a-4f19-a1c0-2c8a2b04c91a", "fields": {"name": "Network for the Detection of Atmospheric Composition Change", "abbreviation": "NDACC"}}, {"model": "accounts.network", "pk": "1a83d4d0-60ed-4e6e-9501-33d66afc5b99", "fields": {"name": "Intergovernmental Science-Policy Platform on Biodiversity and Ecosystem Services", "abbreviation": "IPBES"}}, {"model": "accounts.network", "pk": "1accce85-9b2c-4419-a5ba-544687422dc6", "fields": {"name": "A network for bringing NANOtechnologies TO LIFE", "abbreviation": "NANO2LIFE"}}, {"model": "accounts.network", "pk": "1b5d277e-0947-4e7e-8558-4cf7aa979876", "fields": {"name": "Ibero-american network for the study of carotenoids as food ingredients", "abbreviation": "IBERCAROT"}}, {"model": "accounts.network", "pk": "1b6fd2aa-70a1-4485-bd38-937aee8dfa30", "fields": {"name": "Common Access to Biotechnological Resources and Information", "abbreviation": "CABRI"}}, {"model": "accounts.network", "pk": "1d7c0062-5153-4d2f-ad06-5c7f7f84d188", "fields": {"name": "Belgian Network for Radiation Applications in Healthcare", "abbreviation": "Rad4med"}}, {"model": "accounts.network", "pk": "1da8f9bf-2913-4b0a-92df-b72ff945ecdc", "fields": {"name": "Event Horizon Telescope", "abbreviation": "EHT"}}, {"model": "accounts.network", "pk": "1dead5df-05e3-4065-b5a3-096811ebf6f9", "fields": {"name": "Lasers for Applications at Accelerator facilities for ion beam generation, acceleration and diagnostics", "abbreviation": "LA\u00b3NET"}}, {"model": "accounts.network", "pk": "1e3664c2-6ef3-40f0-ae26-a8a49c44edc2", "fields": {"name": "Association of International Research and Development Centers for Agriculture", "abbreviation": "AIRCA"}}, {"model": "accounts.network", "pk": "1f398808-9326-493b-ab70-a4dbc44c9951", "fields": {"name": "Global Earth Observation System of Systems", "abbreviation": "GEOSS"}}, {"model": "accounts.network", "pk": "206a369b-d91d-4ac7-a55b-42b2b34b90ec", "fields": {"name": "Stations at High Altitude for Research on the Environment", "abbreviation": "SHARE"}}, {"model": "accounts.network", "pk": "207e5ccc-f35d-4f0b-a376-75f98fb7dc93", "fields": {"name": "Bio-based Industries Consortium", "abbreviation": "BIC"}}, {"model": "accounts.network", "pk": "20be2723-d2af-4524-9f53-9e3d47f939b4", "fields": {"name": "International VLBI Service for Geodesy & Astrometry", "abbreviation": "IVS"}}, {"model": "accounts.network", "pk": "2179f66e-14dc-44bb-a2cb-4b30aadb0e0c", "fields": {"name": "International Mouse Strain Resources", "abbreviation": "IMSR"}}, {"model": "accounts.network", "pk": "2629e0ee-d53f-4372-851e-4b3583c77e4a", "fields": {"name": "Advanced Methods and Tools for Handling and Assembly in Microtechnology", "abbreviation": "ASSEMIC"}}, {"model": "accounts.network", "pk": "262c07ce-27be-4be2-98a4-5ce035aaa078", "fields": {"name": "Standard Conference on Library Materials on Africa", "abbreviation": "SCOLMA"}}, {"model": "accounts.network", "pk": "2687735f-c009-427d-ac03-9c8fb1219aa3", "fields": {"name": "WorldWide LHC Computing Grid", "abbreviation": "wLCG"}}, {"model": "accounts.network", "pk": "26c110f9-21fe-4e97-a4a1-82e35ac366ff", "fields": {"name": "European Research Vessels Operators", "abbreviation": "ERVO"}}, {"model": "accounts.network", "pk": "2704c06c-46e3-4d13-83a4-c1ac30eca100", "fields": {"name": "Cultural Heritage Advanced Research Infrastructures", "abbreviation": "CHARISMA"}}, {"model": "accounts.network", "pk": "279a89ad-77ff-4941-9341-db526d3b3a00", "fields": {"name": "European Research Infrastructure for Heritage Science Preparatory Phase", "abbreviation": "E-RIHS"}}, {"model": "accounts.network", "pk": "287b0b9f-999d-4ea6-b1d5-b9225b4ea2c9", "fields": {"name": "Neutron scattering and Muon Spectroscopy Integrating Infrastructure Initiative", "abbreviation": "NMI3"}}, {"model": "accounts.network", "pk": "2908413a-5a90-43a8-a688-d568ae8e6d1d", "fields": {"name": "European GNSS Service Centre", "abbreviation": "GSC"}}, {"model": "accounts.network", "pk": "29945138-e3e2-4a6e-8eaf-8ef790b2e3ca", "fields": {"name": "Alianza por la Investigaci\u00f3n y la Innovaci\u00f3n Energ\u00e9ticas", "abbreviation": "ALINNE"}}, {"model": "accounts.network", "pk": "29facf6c-28c8-40e6-ab24-02deb2512058", "fields": {"name": "Consortium of European Social Science Data Archives", "abbreviation": "CESSDA"}}, {"model": "accounts.network", "pk": "2acc8401-c258-4a05-9911-13485e6c0f87", "fields": {"name": "International network for capacity building for the control of emerging viral vector borne zoonotic diseases", "abbreviation": "ARBO-ZOONET"}}, {"model": "accounts.network", "pk": "2ae6be36-48c9-44c6-ab4d-e7f03c22a823", "fields": {"name": "Cooperative Research Ships", "abbreviation": "CRS"}}, {"model": "accounts.network", "pk": "2c3e9920-dd99-41aa-b0ec-f267be5b7638", "fields": {"name": "EUROPLANET 2020 Research Infrastructure", "abbreviation": "EPN2020-RI"}}, {"model": "accounts.network", "pk": "2ca1cc80-5f67-4e9a-8304-6387501a2bf2", "fields": {"name": "The inter-university core facility network", "abbreviation": "IcoFNET"}}, {"model": "accounts.network", "pk": "2d0f99bd-d4a1-423a-9024-9db7ac2cd4e0", "fields": {"name": "International Excellence Research Network", "abbreviation": "REBT"}}, {"model": "accounts.network", "pk": "2d3193f7-0821-4564-ab88-d2e57832bf7a", "fields": {"name": "Virtual Atomic and Molecular Data Center", "abbreviation": "VAMDC"}}, {"model": "accounts.network", "pk": "2dd685d1-ccba-4d96-9c2d-6a5a2fd970d0", "fields": {"name": "European Reference Network for Critical Infrastructure Protection", "abbreviation": "ERNCIP"}}, {"model": "accounts.network", "pk": "2f622c44-add5-4c21-8b78-f46c2c6c69b9", "fields": {"name": "Digital Research Infrastructure for Arts and Humanities", "abbreviation": "DARIAH"}}, {"model": "accounts.network", "pk": "309be330-c007-429b-bfb6-fed4452ca0e5", "fields": {"name": "International Network for Terrestrial Research and Monitoring in the Arctic", "abbreviation": "INTERACT"}}, {"model": "accounts.network", "pk": "310501db-1a2f-40a7-b21e-14fb7af6464f", "fields": {"name": "European Windtunnel Association", "abbreviation": "EWA"}}, {"model": "accounts.network", "pk": "314e9e68-e001-4ba9-8c70-0c1178a28067", "fields": {"name": "Open Technology for Digitalisation", "abbreviation": "Meters & More"}}, {"model": "accounts.network", "pk": "324b152f-0826-4421-aeb4-45ebd1812978", "fields": {"name": "Polar barcode of life", "abbreviation": "IBOL"}}, {"model": "accounts.network", "pk": "32d694bc-48f8-4e93-9bb2-1c90f6212896", "fields": {"name": "Integrated Initiative of European Laser Research Infrastructures", "abbreviation": "LASERLAB-EUROPE"}}, {"model": "accounts.network", "pk": "344290f6-65de-40da-bc34-05fed9c27640", "fields": {"name": "Security for smart Electricity GRIDs", "abbreviation": "SEGRID"}}, {"model": "accounts.network", "pk": "34cd4030-0297-4b32-b10e-f8cc2b815db2", "fields": {"name": "Open Planets Foundation", "abbreviation": "OPF"}}, {"model": "accounts.network", "pk": "34fb3fa4-ca08-4bd0-a7c8-b6f0784db8c3", "fields": {"name": "A Network of Excellence for Advanced Road cooperative traffic management in the Information Society", "abbreviation": "NEARCTIS"}}, {"model": "accounts.network", "pk": "35091219-f6ab-4534-8c75-29cf733bd40a", "fields": {"name": "Highly-complex and networked control systems", "abbreviation": "HYCON2"}}, {"model": "accounts.network", "pk": "35a9f03b-2732-46cb-bef1-5ea94b396100", "fields": {"name": "Network for Digital Methods in the Arts and Humanities", "abbreviation": "NeDiMAH"}}, {"model": "accounts.network", "pk": "368c75df-9ffd-4b0a-80b0-13d17434c5e5", "fields": {"name": "Low Voltage Agreement Group", "abbreviation": "LOVAG"}}, {"model": "accounts.network", "pk": "36ecabcb-fa65-423a-beeb-6e963f56963f", "fields": {"name": "Towards a joint European research infrastructure network for coastal observatories", "abbreviation": "JERICO"}}, {"model": "accounts.network", "pk": "377b5efd-1f41-4024-8373-e5de9660b204", "fields": {"name": "Information Network of European Natural History Collections", "abbreviation": "SYNTHESYS"}}, {"model": "accounts.network", "pk": "37b4d87f-0f56-46be-8328-2e6e6aa85ee4", "fields": {"name": "e-Infrastructure for Biodiversity and Ecosystem Research", "abbreviation": "LifeWatch"}}, {"model": "accounts.network", "pk": "37ed6828-a41a-4002-8989-23f5611f5030", "fields": {"name": "Biocenter Finland", "abbreviation": "BF"}}, {"model": "accounts.network", "pk": "3be1c938-7132-46d8-91c3-68c616aa25dc", "fields": {"name": "Millennium Seed Bank  Partnership", "abbreviation": "MSB"}}, {"model": "accounts.network", "pk": "3d1785a3-a567-4174-8b0b-b890ad3c47c9", "fields": {"name": "Consortium of European Taxonomic Facilities", "abbreviation": "CETAF"}}, {"model": "accounts.network", "pk": "3d8936eb-c2f8-421a-96b7-84e5dd6088ee", "fields": {"name": "Advanced Radio Astronomy in Europe", "abbreviation": "RadioNet"}}, {"model": "accounts.network", "pk": "3f8cdd72-eb6b-492c-8afe-367eb27e7e4f", "fields": {"name": "Critical success factors for fish larval production in European Aquaculture: a multidisciplinary network", "abbreviation": "LarvaNET"}}, {"model": "accounts.network", "pk": "401e5435-2d53-402e-a6d0-ff04fc2dc2aa", "fields": {"name": "Asia-Europe Sustainable Connectivity Scientific Conference", "abbreviation": "ASEM"}}, {"model": "accounts.network", "pk": "41812353-a297-4d3d-a9ac-c7db2e016298", "fields": {"name": "Environmental Research Infrastructures", "abbreviation": "ENVRI"}}, {"model": "accounts.network", "pk": "41ac9636-f5a8-43a3-aa50-f96b1e51f191", "fields": {"name": "International Mouse Knock-out Consortium", "abbreviation": "IKMC"}}, {"model": "accounts.network", "pk": "422f760f-5e08-4829-9508-3da58e704021", "fields": {"name": "Network of European CEntrifige for Research", "abbreviation": "NECER"}}, {"model": "accounts.network", "pk": "42d4bb25-b892-4a41-819a-3b983fd412a0", "fields": {"name": "European Mouse Mutant Archive", "abbreviation": "EMMA"}}, {"model": "accounts.network", "pk": "43197463-ce5a-43cc-bf09-3b7686c079bd", "fields": {"name": "Organization devoted to the development of metabolism-based research", "abbreviation": "Metabolomics Society"}}, {"model": "accounts.network", "pk": "43e0538a-4f25-4788-85bc-0a0d1d6dddea", "fields": {"name": "GAW Aerosol Lidar Observations Network", "abbreviation": "GALION"}}, {"model": "accounts.network", "pk": "44c4d076-778f-4856-b21f-586fbf50a852", "fields": {"name": "International Virtual Observatory Alliance", "abbreviation": "IVOA"}}, {"model": "accounts.network", "pk": "450c698e-e2b6-4eac-b42e-44ba910922df", "fields": {"name": "Flagship Project is one of the National Research Programmes funded by the Italian Ministry of University and Research", "abbreviation": "RITMARE"}}, {"model": "accounts.network", "pk": "4548ee0d-52f3-42d0-a0f2-3c26b6fa07f7", "fields": {"name": "Ocean Facilities Exchange Group", "abbreviation": "OFEG"}}, {"model": "accounts.network", "pk": "45804b02-19b4-45bb-bf30-81a59e96f9f7", "fields": {"name": "Global Mercury Observation System", "abbreviation": "GMOS"}}, {"model": "accounts.network", "pk": "45d6fa33-8806-4920-9b65-de82e395e68d", "fields": {"name": "Veterinary Biocontained facility Network for excellence in animal infectious disease research and experimentation", "abbreviation": "VetBioNet"}}, {"model": "accounts.network", "pk": "47e3eb39-3bdb-42c3-81d8-b44b7922dc53", "fields": {"name": "Central European Research Infrastructure Consortium", "abbreviation": "C-ERIC"}}, {"model": "accounts.network", "pk": "49365a36-2418-415d-9703-2453361616d3", "fields": {"name": "Trustworthy Clouds Privacy and Resilience for Internet-scale Critical Infrastructure", "abbreviation": "TClouds"}}, {"model": "accounts.network", "pk": "4af1b122-5e9e-47e4-88e7-d500255d2e0c", "fields": {"name": "European Labour History Network", "abbreviation": "ELHN"}}, {"model": "accounts.network", "pk": "4b4c0c5d-0ba3-4226-8acb-94eceb4397f4", "fields": {"name": "European research infrastructure for imaging technologies in biological and biomedical sciences", "abbreviation": "BioImaging Network"}}, {"model": "accounts.network", "pk": "4b70ba14-c160-4bd6-a73b-37b36fee2a68", "fields": {"name": "Integrative European Research Infrastructure project to integrate, develop and improve major forest genetics and forestry research", "abbreviation": "TREES4FUTURE"}}, {"model": "accounts.network", "pk": "4c46a04c-d648-4db0-8ef2-da56cdd3a31c", "fields": {"name": "International Barcode of Life", "abbreviation": "IBOL"}}, {"model": "accounts.network", "pk": "4d1878f3-b97b-4d62-ab98-d2ff68593916", "fields": {"name": "World Organisation for Animal Health", "abbreviation": "OIE"}}, {"model": "accounts.network", "pk": "4e5195e7-7d1e-4f1f-a500-8525765090bb", "fields": {"name": "European, Middle Eastern and African Society for Biopreservation and Biobanking", "abbreviation": "ESBB"}}, {"model": "accounts.network", "pk": "4e55679a-4969-412e-8fb6-5bda95022af2", "fields": {"name": "e-Infrastructure in the Mediterranean region dedicated for research and educational use", "abbreviation": "EUMEDCONNECT"}}, {"model": "accounts.network", "pk": "4f416a16-2c8c-48a5-98f0-06c3bfdf5238", "fields": {"name": "Science and Applications of ultrafast and ultraintense lasers", "abbreviation": "SAUUL"}}, {"model": "accounts.network", "pk": "503c5e3e-8826-4920-82e5-5b5b1299a3d5", "fields": {"name": "Biomass Research Infrastructure for Sharing Knowledge", "abbreviation": "BRISK"}}, {"model": "accounts.network", "pk": "50b1db9f-50ed-4c13-80d0-b5116ceaac45", "fields": {"name": "AQUAculture infrastructures for EXCELlence in European fish research towards 2020", "abbreviation": "AQUAEXCEL"}}, {"model": "accounts.network", "pk": "51198d0d-8241-4e5c-9f89-912c2620b0ca", "fields": {"name": "Federation of European Neuroscience Societies", "abbreviation": "FENS"}}, {"model": "accounts.network", "pk": "514bf708-b8ce-47b0-a7f9-22258b45b9df", "fields": {"name": "European Strategic Wind Tunnels Improved Research Potential", "abbreviation": "ESWIRP"}}, {"model": "accounts.network", "pk": "51adead2-5894-416b-805c-4b5f32d0ccb8", "fields": {"name": "Inclusive Blockchain Insurance using Space Assets", "abbreviation": "IBISA"}}, {"model": "accounts.network", "pk": "53363a37-3020-4919-ae03-7866d45f5fbb", "fields": {"name": "European Nuclear Science and Applications Research", "abbreviation": "ENSAR"}}, {"model": "accounts.network", "pk": "54223513-ae65-4935-aae5-07897e5eaf20", "fields": {"name": "Virtual Physiological Human Network of Excellence", "abbreviation": "VPH"}}, {"model": "accounts.network", "pk": "549c80f6-0135-4f1e-afb8-4c8518dc150b", "fields": {"name": "Telescopio Nazionale Galileo", "abbreviation": "TNG"}}, {"model": "accounts.network", "pk": "549f41a2-3275-41ec-a9d2-f5843965301b", "fields": {"name": "Public Population Project in Genomics and Society", "abbreviation": "P\u00b3G"}}, {"model": "accounts.network", "pk": "54e87404-fcbf-41ce-b576-d5b337f3fcaf", "fields": {"name": "Networking Lake Observatories in Europe", "abbreviation": "NETLAKE"}}, {"model": "accounts.network", "pk": "54f6dd2c-e662-4832-8e3c-f37182312af9", "fields": {"name": "Citizenship, Recovery and Inclusive Society Partnership", "abbreviation": "CRISP"}}, {"model": "accounts.network", "pk": "558bd280-c71c-4a9a-828b-788af5077371", "fields": {"name": "Global Genome Biodiversity Network", "abbreviation": "GGBN"}}, {"model": "accounts.network", "pk": "564b0231-bb5b-4afe-a08f-747fb9cca394", "fields": {"name": "SatNav Network", "abbreviation": "SatNav"}}, {"model": "accounts.network", "pk": "56929f3b-3aa9-447d-87a8-35d2fcc17ac7", "fields": {"name": "Society for Tropical Ecology", "abbreviation": "GTO"}}, {"model": "accounts.network", "pk": "5698423e-687e-49d9-9464-0939396f2ead", "fields": {"name": "International programme of biodiversity science", "abbreviation": "DIVERSITAS"}}, {"model": "accounts.network", "pk": "588ff9bd-e5ab-4482-a9cb-332f3bd22128", "fields": {"name": "Human Proteome Project", "abbreviation": "HUPO"}}, {"model": "accounts.network", "pk": "58c9b021-b575-44a2-8dd2-cfcccb1f1d29", "fields": {"name": "Dresden High Magnetic Field Laboratory", "abbreviation": "Hochfeld-Magnetlabor Dresden, HLD"}}, {"model": "accounts.network", "pk": "5944b53b-8408-4275-80bf-7c96700f4892", "fields": {"name": "Global Alliance for Zika Virus Control and Prevention", "abbreviation": "ZIKAlliance"}}, {"model": "accounts.network", "pk": "59504698-5b12-4a8f-81a2-e4cfcd7b5852", "fields": {"name": "Infrastructure for NMR, EM and X-rays for translational research", "abbreviation": "iNEXT"}}, {"model": "accounts.network", "pk": "59fa3385-826e-47c7-a9a2-0a61bc478cc2", "fields": {"name": "Integrated non-CO2 Greenhouse Gas Observing Systems", "abbreviation": "InGOS"}}, {"model": "accounts.network", "pk": "5a652f33-98c3-4229-ad77-77ba196ea291", "fields": {"name": "Scientific Collections International", "abbreviation": "SciColl"}}, {"model": "accounts.network", "pk": "5ae0cfdd-e43b-49e5-9824-d429a96a6481", "fields": {"name": "African Studies in Europe", "abbreviation": "AEGIS"}}, {"model": "accounts.network", "pk": "5af548f3-f19f-4048-9f28-dd63ed995c41", "fields": {"name": "Association of European Research Establishments in Aeronautics", "abbreviation": "EREA"}}, {"model": "accounts.network", "pk": "5b2f4c80-8e57-42a4-9208-f5ce2767110d", "fields": {"name": "Biodiversity Research Network", "abbreviation": "ALTER-Net"}}, {"model": "accounts.network", "pk": "5b7a627e-0910-4d60-9bb6-48ed8e5a9d91", "fields": {"name": "Meson Physics in Low-Energy QCD", "abbreviation": "MesonNet"}}, {"model": "accounts.network", "pk": "5bf363a6-04e5-4a13-9ccf-2a4a613ce183", "fields": {"name": "Austrian Centre for Scientific Comuting", "abbreviation": "ACSC"}}, {"model": "accounts.network", "pk": "5d3ce966-5711-494e-bec1-25e71ee75441", "fields": {"name": "Biobanking and BioMolecular resources Research Infrastructure \u2013 European Research Infrastructure Consortium", "abbreviation": "BBMRI-ERIC"}}, {"model": "accounts.network", "pk": "5f510902-24f9-49c8-b531-fbbe4ca59ba2", "fields": {"name": "Organisation of European Cancer Institutes", "abbreviation": "OECI"}}, {"model": "accounts.network", "pk": "5f779a80-1aa1-4a2f-9602-a502deafb2fd", "fields": {"name": "European Social Survey Sustainability", "abbreviation": "ESS-SUSTAIN"}}, {"model": "accounts.network", "pk": "60e12a67-b746-41c6-a3f1-ad6631564709", "fields": {"name": "Towards Game-changer Service Operation Vessels for Offshore Windfarms", "abbreviation": "NEXUS"}}, {"model": "accounts.network", "pk": "611668f6-e24f-466b-a597-ad81081cba16", "fields": {"name": "Cloud-Aerosol Lidar and Infrared Pathfinder Satellite Observation", "abbreviation": "CALIPSO"}}, {"model": "accounts.network", "pk": "61850715-ca11-4cd9-ac3a-5a3c47cf3c10", "fields": {"name": "Biodiversity Information Standards", "abbreviation": "TDWG"}}, {"model": "accounts.network", "pk": "6194ac6f-e82d-413a-a412-94531a49bf8f", "fields": {"name": "International Cancer Genome Consortium", "abbreviation": "ICGC"}}, {"model": "accounts.network", "pk": "61ee95de-a386-4d6f-87a3-695b5bc7a8f3", "fields": {"name": "Advanced Energy STorage and Regeneration System for Enhanced Energy Management", "abbreviation": "ESTEEM"}}, {"model": "accounts.network", "pk": "621760da-5797-4168-a79d-990e794a3369", "fields": {"name": "European Clinical Research Infrastructures Network - Integrating Activity", "abbreviation": "ECRIN-IA"}}, {"model": "accounts.network", "pk": "62b34564-df29-48a6-afb8-5db7ccc7c1a1", "fields": {"name": "VISION Advanced Infrastructure for Research", "abbreviation": "VISIONAIR"}}, {"model": "accounts.network", "pk": "63e6c7e3-8afd-4ab6-a5bd-2188c84e65c5", "fields": {"name": "Nordic Microscopy Society", "abbreviation": "SCANDEM"}}, {"model": "accounts.network", "pk": "641cdd5f-04d8-4955-8d84-45607036be56", "fields": {"name": "European Network for Animal Disease and Infectiology Research Facilities", "abbreviation": "NADIR"}}, {"model": "accounts.network", "pk": "6428e7ab-28e9-499a-9e96-f7490a5d09a3", "fields": {"name": "Musical Instrument Museums Online", "abbreviation": "MIMO"}}, {"model": "accounts.network", "pk": "6443370a-001d-42c9-96ac-8406aa909216", "fields": {"name": "Worldwide e-Infrastructure for NMR and structural biology", "abbreviation": "WeNMR"}}, {"model": "accounts.network", "pk": "64ce9ff3-75e8-4939-a643-683a37cf4d7a", "fields": {"name": "Global Atmosphere Watch Programme-cooperation Germany, Austria, Switzerland", "abbreviation": "GAW-DACH"}}, {"model": "accounts.network", "pk": "662a2c25-729c-4565-9e86-4dbede709d62", "fields": {"name": "National Network for Electron Microscopy", "abbreviation": "RNME"}}, {"model": "accounts.network", "pk": "672ae7d5-a038-4354-a609-72186cd2f1e8", "fields": {"name": "GBIF Nodes Network", "abbreviation": ""}}, {"model": "accounts.network", "pk": "67660202-9764-4647-b6c2-ff1241edb601", "fields": {"name": "Network of leading MESOcosm facilities to advance the studies of future AQUAtic ecosystems from the Arctic to the Mediterranean", "abbreviation": "MESOAQUA"}}, {"model": "accounts.network", "pk": "676c3ef1-dcd1-4424-9aa0-59f007298f45", "fields": {"name": "Prototype Operational Continuity for the GMES Ocean Monitoring and Forecasting Service", "abbreviation": "MyOcean2"}}, {"model": "accounts.network", "pk": "6775c92d-6990-48c8-81e7-0db12a6bcbdf", "fields": {"name": "The Global mm-VLBI Array", "abbreviation": "GMVA"}}, {"model": "accounts.network", "pk": "6793e227-2319-44c7-8334-fdb4572f7ba3", "fields": {"name": "Pan-European Research and Education Network", "abbreviation": "G\u00c9ANT"}}, {"model": "accounts.network", "pk": "69c17cfc-27de-4bf2-b2da-4bb0a94c02a5", "fields": {"name": "Council for the Development of Social Science Research in Africa", "abbreviation": "CODESRIA"}}, {"model": "accounts.network", "pk": "6bf68a95-43dd-4011-aa97-9490ec36f8cc", "fields": {"name": "Open virtual network for aquatic mesocosm facilities worldwide", "abbreviation": "MESOCOSM"}}, {"model": "accounts.network", "pk": "6c08a2d2-3859-44cf-b26c-a852fed4bc05", "fields": {"name": "Carlos III Networked Proteomics Platform", "abbreviation": "ProteoRed-ISCIII"}}, {"model": "accounts.network", "pk": "6caa96a8-fdb2-4b5c-9933-f6390a9132c1", "fields": {"name": "Human Brain Project", "abbreviation": "HBP"}}, {"model": "accounts.network", "pk": "6cb27e40-c3d9-4832-8e9e-1dd26f0514d2", "fields": {"name": "European Plant Phenotyping Network", "abbreviation": "EPPN"}}, {"model": "accounts.network", "pk": "6d001b56-2ed1-4d74-928d-ad38d03f1e93", "fields": {"name": "Kernel-Based ARchitecture for safetY-critical cONtrol", "abbreviation": "KARYON"}}, {"model": "accounts.network", "pk": "6e419961-dd63-4e4c-83ab-7e2ae2a308f3", "fields": {"name": "European Commission for the control of Foot and Mouth Disease", "abbreviation": "EuFMD"}}, {"model": "accounts.network", "pk": "6efa0a12-d8c0-4ea9-ad9d-f6287438b68d", "fields": {"name": "Protein Production and Purification Platforms in Europe", "abbreviation": "P4EU"}}, {"model": "accounts.network", "pk": "7066505a-e7e2-455b-aef6-669f6ba9dd68", "fields": {"name": "Creating conditions for persistence of biodiversity in the face of climate change", "abbreviation": "EcoChange"}}, {"model": "accounts.network", "pk": "71f88318-d498-4724-8bba-10071367ec22", "fields": {"name": "International Research Ship Operators", "abbreviation": "IRSO"}}, {"model": "accounts.network", "pk": "72bcc3bc-0d1d-4878-b61a-201f2abbd64a", "fields": {"name": "European Facility for Airborne Research", "abbreviation": "EUFAR"}}, {"model": "accounts.network", "pk": "730d86eb-9ef9-425e-b738-819b295a36c9", "fields": {"name": "Transnational access and enhancement of integrated Biological Structure determination at synchrotron X-ray radiation facilities", "abbreviation": "BioStruct-X"}}, {"model": "accounts.network", "pk": "735365ef-a5b4-437d-a4ef-7cb9a4106c31", "fields": {"name": "Integration of European Simulation Chambers for Investigating Atmospheric Processes", "abbreviation": "EUROCHAMP"}}, {"model": "accounts.network", "pk": "738cc111-56a7-477b-903d-70d34a672b2d", "fields": {"name": "European Science Teachers Initiative", "abbreviation": "ESTI - EIROforum"}}, {"model": "accounts.network", "pk": "73b9ba1e-f3f4-481f-9765-a4c8a62aa20c", "fields": {"name": "Complex Interaction of Water with Environmental Elements, Sediment, Structures and Ice", "abbreviation": "Hydralab"}}, {"model": "accounts.network", "pk": "7651acaf-6531-48ae-9f1e-c2bdc578df06", "fields": {"name": "Infrastructure for Systems Biology \u2013 Europe", "abbreviation": "ISBE"}}, {"model": "accounts.network", "pk": "774b1a6a-0291-4416-a4a2-10c09519682b", "fields": {"name": "Leibniz Library Network for Research Information consortium", "abbreviation": "Goportis"}}, {"model": "accounts.network", "pk": "778ecafe-46da-424b-80b7-2e56d6c897d9", "fields": {"name": "Center for Organelle Research", "abbreviation": "CORE"}}, {"model": "accounts.network", "pk": "77e36bc4-e079-44ea-82fd-868b1b08c373", "fields": {"name": "ScienceLink Network", "abbreviation": "SCIENCELINK"}}, {"model": "accounts.network", "pk": "79516ce0-d662-4877-b3b1-d3923ce259bd", "fields": {"name": "International Primatological Society", "abbreviation": "IPS"}}, {"model": "accounts.network", "pk": "79f10651-4e09-48e7-8247-1eabac0eba44", "fields": {"name": "Design for Micro & Nano Manufacture", "abbreviation": "PATENT-DfMM"}}, {"model": "accounts.network", "pk": "79fefe31-86de-42ee-b57f-eb5fb6a3d369", "fields": {"name": "Partnership for European Environmental Research", "abbreviation": "PEER"}}, {"model": "accounts.network", "pk": "7a152fa8-8b02-47da-a9e1-1462424b12bc", "fields": {"name": "Advancing 3Rs and International Standards in Biological and Biomedical Research", "abbreviation": "EUPRIM-Net"}}, {"model": "accounts.network", "pk": "7a9406b0-448b-4a3f-8125-ef3ec2675434", "fields": {"name": "German Consortium for Translational Cancer Research", "abbreviation": "DKTK"}}, {"model": "accounts.network", "pk": "7b19f803-0e34-40a9-b2ae-b728eae5b9f4", "fields": {"name": "Food and Agricultural Organisation of the United Nations", "abbreviation": "FAO"}}, {"model": "accounts.network", "pk": "7b1c6a73-82e9-4a6e-8dc5-1c61f438f733", "fields": {"name": "European Association for Solar Telescopes", "abbreviation": "EAST"}}, {"model": "accounts.network", "pk": "7b3334be-c39a-4446-a3dd-086388cacce3", "fields": {"name": "International Network of Ground-Based Microwave Radiometers", "abbreviation": "MWRnet"}}, {"model": "accounts.network", "pk": "7c8ce6d2-304e-4e42-b7f7-35f80361ade1", "fields": {"name": "African Archeologists Association", "abbreviation": "AAA"}}, {"model": "accounts.network", "pk": "7da0baa9-807c-4695-a06d-4fcb6f7434a9", "fields": {"name": "European Culture Collections' Organisation", "abbreviation": "ECCO"}}, {"model": "accounts.network", "pk": "7db5879b-ba1b-456b-b754-794d2683cafb", "fields": {"name": "Laboratoire National de Champs Magn\u00e9tiques Intenses", "abbreviation": "LNCMI"}}, {"model": "accounts.network", "pk": "7f57063a-eb51-4539-bb1c-62fa48696ce5", "fields": {"name": "European Institute for Biomedical Imaging Research", "abbreviation": "EIBIR"}}, {"model": "accounts.network", "pk": "809b5e4a-6bd0-49cf-8563-c390808756ff", "fields": {"name": "Biology and control of vector-borne infections in Europe", "abbreviation": "EDENEXT"}}, {"model": "accounts.network", "pk": "815f2bae-6bc3-4857-9a2b-14b3896e93d6", "fields": {"name": "European rail research network of excellence", "abbreviation": "EUR\u00b2EX"}}, {"model": "accounts.network", "pk": "817baeab-f15d-4985-9bd0-b51460fb8e34", "fields": {"name": "European Long-Term Ecosystem and socio-ecological Research Infrastructure", "abbreviation": "eLTER"}}, {"model": "accounts.network", "pk": "827a1dee-1584-4cf4-8271-60bd88d5bfae", "fields": {"name": "European Fusion Development Agreement", "abbreviation": "EFDA"}}, {"model": "accounts.network", "pk": "83e3cd21-c34a-40f2-bc77-ef895e535fb9", "fields": {"name": "Gentle User Interfaces for Disabled and Elderly Citizens", "abbreviation": "GUIDE"}}, {"model": "accounts.network", "pk": "84377f49-c50d-4fb2-a887-cd723f51b241", "fields": {"name": "Council of Managers of National Antarctic Programs", "abbreviation": "COMNAP"}}, {"model": "accounts.network", "pk": "84cd31ae-3295-464a-a521-e3ef79c5e2df", "fields": {"name": "Network of French researchers involved in chemical biology approaches", "abbreviation": "GDR ChemBioScreen"}}, {"model": "accounts.network", "pk": "853e9fbe-c866-4d1b-9e11-b526f2afd4d6", "fields": {"name": "Committee Research with Neutrons", "abbreviation": "KFN"}}, {"model": "accounts.network", "pk": "88a40075-f261-4ec4-99aa-4bffd1f05152", "fields": {"name": "GCOS Reference Upper-Air Network", "abbreviation": "GRUAN"}}, {"model": "accounts.network", "pk": "8911dc70-6ba2-4b17-be77-16da444d60b3", "fields": {"name": "International Union for Conservation of Nature / Species Survival Commission", "abbreviation": "IUCN/SSC"}}, {"model": "accounts.network", "pk": "8a245019-79e6-4e43-9c9b-5c8b72a172b6", "fields": {"name": "Global Biodiversity Information Facility", "abbreviation": "GBIF"}}, {"model": "accounts.network", "pk": "8a3f14cc-5767-4dbe-92f3-df709a63a841", "fields": {"name": "Integrated Carbon Observation System", "abbreviation": "ICOS"}}, {"model": "accounts.network", "pk": "8bc75854-90e4-4fc1-afa1-9264a8a03c84", "fields": {"name": "Intergovernmental Oceanographic Commission/International Oceanographic Data and Information Exchange", "abbreviation": "IOC/IODE"}}, {"model": "accounts.network", "pk": "8bce13ab-fac5-4e79-82f2-c0385fb61a09", "fields": {"name": "International Council on Archives", "abbreviation": "ICA"}}, {"model": "accounts.network", "pk": "8cae9c9d-6cc0-4473-8993-5dbb7029955c", "fields": {"name": "Cancer Organoids Multiplexed Screening in Microfluidic Textile chips", "abbreviation": "COMMIT"}}, {"model": "accounts.network", "pk": "8cf36f10-9a2a-4728-b558-0121155194c9", "fields": {"name": "European Light Microscopy Initiative", "abbreviation": "ELMI"}}, {"model": "accounts.network", "pk": "8ddb359b-55cc-4b30-95c8-a2b13307af7c", "fields": {"name": "Asociaci\u00f3n de Empresas de Energ\u00edas Renovables", "abbreviation": "APPA Marina"}}, {"model": "accounts.network", "pk": "8e2e7c38-8201-46de-9aba-43bbe04fcad0", "fields": {"name": "Berlin-Brandenburg Institute of Advanced Biodiversity Research", "abbreviation": "BBIB"}}, {"model": "accounts.network", "pk": "8e316287-424c-4251-b2af-346155b688f2", "fields": {"name": "Transnational Access to MAMI", "abbreviation": "MAMI"}}, {"model": "accounts.network", "pk": "8f45c4f4-e231-4a6e-a9c6-29545c67bb25", "fields": {"name": "EPIZONE European Research Group", "abbreviation": "ERG"}}, {"model": "accounts.network", "pk": "8f738975-9332-4dfb-9ff2-21b9b6c19fe6", "fields": {"name": "Research Data Alliance", "abbreviation": "RDA"}}, {"model": "accounts.network", "pk": "9282e764-ca9a-4060-8d17-e125207e4447", "fields": {"name": "International Society of Nephrology", "abbreviation": "ISN"}}, {"model": "accounts.network", "pk": "92945670-4a71-4a49-9289-dd884b58a854", "fields": {"name": "International Energy Agency", "abbreviation": "IEA"}}, {"model": "accounts.network", "pk": "9298b14f-b49d-41a2-b2f9-c456b7b85fda", "fields": {"name": "European Data Infrastructure", "abbreviation": "EUDAT"}}, {"model": "accounts.network", "pk": "9340243e-4eba-4cee-82b0-13fe158bfa93", "fields": {"name": "World Federation for Culture Collections", "abbreviation": "WFCC"}}, {"model": "accounts.network", "pk": "9373bc44-05de-4ca4-886a-1ea9e73490da", "fields": {"name": "Global Climate Observing System", "abbreviation": "GCOS"}}, {"model": "accounts.network", "pk": "93970b5f-ff9e-463d-9881-4ff4a6a03d00", "fields": {"name": "European Coordination for Accelerator Research & Development", "abbreviation": "EUCARD"}}, {"model": "accounts.network", "pk": "9462fa77-346d-4c71-ab91-79c847a2caf4", "fields": {"name": "World Data System", "abbreviation": "WDS"}}, {"model": "accounts.network", "pk": "953eb9ad-d67d-4d7d-9e01-cfa9db1968dd", "fields": {"name": "European Life Sciences Infrastructure For Biological Information", "abbreviation": "ELIXIR"}}, {"model": "accounts.network", "pk": "956f53db-e236-4ece-bf5f-34e2885d8263", "fields": {"name": "Proteomics Research Infrastructure Maximising knowledge EXchange and access", "abbreviation": "PRIME-XS"}}, {"model": "accounts.network", "pk": "95b54177-f987-441a-ae56-b2e35f5580ee", "fields": {"name": "Social Platrform for Holistic Heritage Imapct Assessment", "abbreviation": "SOPHIA"}}, {"model": "accounts.network", "pk": "9604c2d9-4007-4bde-931a-15a9c81cbb83", "fields": {"name": "Global Lake Ecology Observatory Network", "abbreviation": "GLEON"}}, {"model": "accounts.network", "pk": "98b776b8-1d35-463b-96ec-531bb94ae0a9", "fields": {"name": "European Network of Freshwater Research Organisations", "abbreviation": "EurAqua"}}, {"model": "accounts.network", "pk": "9932406d-9a5e-4411-aed8-3306dcbd78b4", "fields": {"name": "Nuclear Physics Network", "abbreviation": "NuPNET"}}, {"model": "accounts.network", "pk": "993c2979-6c81-4eca-8900-87b2c05d1bda", "fields": {"name": "Nordic Nanolab Network", "abbreviation": "NNN"}}, {"model": "accounts.network", "pk": "99848264-43be-493a-bd4a-5959dd9bef0e", "fields": {"name": "National Genome Research Network", "abbreviation": "NGFN"}}, {"model": "accounts.network", "pk": "9a8eb5de-1c88-40f7-bae5-d86a5b01af64", "fields": {"name": "Towards an Alliance of European Research Fleets", "abbreviation": "EUROFLEETS"}}, {"model": "accounts.network", "pk": "9bc4adaa-6ca1-4b98-bf73-22fcd1988ed1", "fields": {"name": "PATrimoines mat\u00e9riels : R\u00e9seau d'Instrumentation Multisites Equipex", "abbreviation": "PATRIMEX"}}, {"model": "accounts.network", "pk": "9c3c6d7e-1558-410a-b74c-3720401a1ff1", "fields": {"name": "Scalable, Secure Storage of Biobank Data", "abbreviation": "BiobankCloud"}}, {"model": "accounts.network", "pk": "9c9cd96e-d2eb-422d-8d12-697010091235", "fields": {"name": "Census Data Open Linked", "abbreviation": "CEDAR"}}, {"model": "accounts.network", "pk": "9ca66a80-e667-4299-9ee2-1fb8850df096", "fields": {"name": "Global Atmosphere Watch Programme", "abbreviation": "GAW"}}, {"model": "accounts.network", "pk": "9d8f023f-519a-48d9-8e57-85b9e8b8403b", "fields": {"name": "The European Fusion Education Network", "abbreviation": "FUSENET"}}, {"model": "accounts.network", "pk": "9e886106-c29c-42ae-b0d9-b0262b202d2d", "fields": {"name": "European Infrastructure of Open Screening Platforms for Chemical Biology", "abbreviation": "EU-OPENSCREEN"}}, {"model": "accounts.network", "pk": "9f84eec8-0e73-46db-914b-2f32ca22e666", "fields": {"name": "Biological Nuclear Magnetic Resonance", "abbreviation": "Bio-NMR"}}, {"model": "accounts.network", "pk": "a129879d-0cdd-489e-9bcf-c98b4007394b", "fields": {"name": "European Multidisciplinary Seafloor Observation", "abbreviation": "EMSO"}}, {"model": "accounts.network", "pk": "a180c773-50d2-43a4-a52d-0cf67d3562ca", "fields": {"name": "European Network for Diagnostics of Imported Viral Diseases", "abbreviation": "ENIVD"}}, {"model": "accounts.network", "pk": "a19dacdc-32de-4d0f-b96c-938b6fa30d22", "fields": {"name": "World class Science and Innovation with Neutrons in Europe", "abbreviation": "SINE"}}, {"model": "accounts.network", "pk": "a1c092bc-a6fe-4115-9aad-aa349fe17348", "fields": {"name": "European Holocaust Research Infrastructure", "abbreviation": "EHRI"}}, {"model": "accounts.network", "pk": "a32e8ad8-cd4a-401e-bd8d-97bdaabf36dc", "fields": {"name": "Network of Aquaculture Centres in Central-Eastern Europe", "abbreviation": "NACEE"}}, {"model": "accounts.network", "pk": "a6a9c22e-962e-4997-beef-bf73c5e09a3c", "fields": {"name": "HUMAN centred design for Information Society Technologies", "abbreviation": "Humanist"}}, {"model": "accounts.network", "pk": "a7bdfebc-e296-4e50-99a7-1372212830a1", "fields": {"name": "International Long Term Ecological Research", "abbreviation": "ILTER"}}, {"model": "accounts.network", "pk": "a818b404-7a49-4c9f-a33b-8fea404b8f2b", "fields": {"name": "European Plate Observing System", "abbreviation": "EPOS"}}, {"model": "accounts.network", "pk": "a9cd76e0-fb79-43eb-ae88-803ab5e5a49f", "fields": {"name": "International Towing Tank Conference", "abbreviation": "ITTC"}}, {"model": "accounts.network", "pk": "aa4e93c4-c60a-414b-a39b-98f6dc7e1ac8", "fields": {"name": "International Federation of Data Organizations", "abbreviation": "IFDO"}}, {"model": "accounts.network", "pk": "aabd6da6-2b3b-4ba3-af27-ca324faa8271", "fields": {"name": "European Data Centre Association", "abbreviation": "EUDCA"}}, {"model": "accounts.network", "pk": "abe352f1-934e-491d-92bd-45d069876c84", "fields": {"name": "European Technology Platform on Smart Systems Integration", "abbreviation": "EpoSS"}}, {"model": "accounts.network", "pk": "acbd214f-2010-4956-807f-cd518ff242cc", "fields": {"name": "Society for the Preservation of Natural History Collections", "abbreviation": "SPNHC"}}, {"model": "accounts.network", "pk": "adf7cac8-d330-4e18-aa0f-b2242a57d00c", "fields": {"name": "Assessment, STrategy And Risk Reduction for Tsunamis in Europe", "abbreviation": "ASTARTE"}}, {"model": "accounts.network", "pk": "af7d8fa9-823c-48e0-ac1d-d315f700d31e", "fields": {"name": "Internal Magnets for DNP", "abbreviation": "DNPMAG"}}, {"model": "accounts.network", "pk": "b04917c2-d63a-4e76-9c01-ee421c7aec5c", "fields": {"name": "International Research Institute of Stavanger", "abbreviation": "IRIS"}}, {"model": "accounts.network", "pk": "b36d4aee-7a37-4013-b37c-ba34f47c4d5f", "fields": {"name": "Activities of the Roadmap to Fusion during Horizon 2020 through a Joint programme of the members of the EUROfusion consortium", "abbreviation": "EUROfusion"}}, {"model": "accounts.network", "pk": "b3e67864-6c66-44b5-b6ad-d325c69e04ad", "fields": {"name": "Analysis and Experimentation on Ecosystems", "abbreviation": "ANAEE"}}, {"model": "accounts.network", "pk": "b411cd22-1a52-4c4c-8f84-d0af5efe3de8", "fields": {"name": "European Facility for Advanced Seismic Testing", "abbreviation": "E-FAST"}}, {"model": "accounts.network", "pk": "b480be7c-50a3-4244-8222-5cc6de5a3a75", "fields": {"name": "Dutch Techcentre for Life Sciences", "abbreviation": "DTL"}}, {"model": "accounts.network", "pk": "b4d6f759-05cf-49a3-9c45-afb68256e02d", "fields": {"name": "Pan-European infrastructure for ocean & marine data management", "abbreviation": "SeaDataNet"}}, {"model": "accounts.network", "pk": "b4da8a1b-e797-488f-bb11-d49f56f8a3c3", "fields": {"name": "International Panel Survey Methods Workshops", "abbreviation": "IPSMW"}}, {"model": "accounts.network", "pk": "b5f48de1-04a3-4c33-b388-61bb8d49d0ce", "fields": {"name": "European VLBI Network", "abbreviation": "EVN"}}, {"model": "accounts.network", "pk": "b6e6ff2d-6dbf-4029-aede-badabfb74c58", "fields": {"name": "European Atomic Energy Community", "abbreviation": "Euratom"}}, {"model": "accounts.network", "pk": "b74640c4-a132-4beb-9022-83afc1746182", "fields": {"name": "International Association of Labour History Institutions", "abbreviation": "IALHI"}}, {"model": "accounts.network", "pk": "b7d91562-7b2c-45e2-9670-cad8dcf12783", "fields": {"name": "Budapest Neutron Centre", "abbreviation": "BNC"}}, {"model": "accounts.network", "pk": "b82a7aea-fdd7-4097-bbfc-831606793eea", "fields": {"name": "VLBI2010 Global Observing System", "abbreviation": "VGOS"}}, {"model": "accounts.network", "pk": "b90c0075-1dae-422d-be29-1333fa41d364", "fields": {"name": "Microbial Resources Research Infrastructure", "abbreviation": "MIRRI"}}, {"model": "accounts.network", "pk": "b90f7c42-1088-4eab-9771-ccb3f37e4b1e", "fields": {"name": "Mediterranean Operational Network for the Global Ocean Observing System", "abbreviation": "MONGOOS"}}, {"model": "accounts.network", "pk": "b9f2bcb5-bc85-42c4-a108-409ee4013840", "fields": {"name": "European Molecular Biology Network", "abbreviation": "EMBnet"}}, {"model": "accounts.network", "pk": "ba313f8c-8e1b-43d3-9790-6d838a03ff82", "fields": {"name": "World Data Centre for Microorganisms", "abbreviation": "WDCM"}}, {"model": "accounts.network", "pk": "bb06414a-1150-4f7d-b0cd-73bd55f580ae", "fields": {"name": "International Council for Scientific and Technical Information", "abbreviation": "ICSTI"}}, {"model": "accounts.network", "pk": "bb608254-ece9-4f08-9952-718d34b13359", "fields": {"name": "PoweRline Intelligent Metering Evolution Alliance", "abbreviation": "PRIME"}}, {"model": "accounts.network", "pk": "bb92bd7b-338f-4e88-b455-d1ba4c0e1205", "fields": {"name": "Swiss Institute for Art Research", "abbreviation": "SIK-ISEA"}}, {"model": "accounts.network", "pk": "be880462-35c6-4642-9336-4b2056723d4c", "fields": {"name": "Security for Future Networks", "abbreviation": "SecFuNet"}}, {"model": "accounts.network", "pk": "bed37b87-55a8-4ada-bc16-d6902a3c55cf", "fields": {"name": "Seismic Engineering Research Infrastructures for European Synergies", "abbreviation": "SERIES"}}, {"model": "accounts.network", "pk": "bf9daaed-a325-42a6-92f1-00432e60b2ba", "fields": {"name": "Experimentation in Ecosystem Research", "abbreviation": "ExpeER"}}, {"model": "accounts.network", "pk": "c0f9e702-0638-48fb-b935-4d37efba1fbb", "fields": {"name": "4M Association", "abbreviation": "4M"}}, {"model": "accounts.network", "pk": "c25a5332-ca61-4f93-90a2-a6984a40b8a2", "fields": {"name": "European Distributed Information Technology for Health Care", "abbreviation": "EDITH"}}, {"model": "accounts.network", "pk": "c4ba53a3-4431-4b3e-8f27-91977df80608", "fields": {"name": "Support the sustainable development of aquaculture in the Mediterranean region", "abbreviation": "AQUAMED"}}, {"model": "accounts.network", "pk": "c938871b-8e08-41b5-a19f-1e7f975467bc", "fields": {"name": "Grupo Interinstitucional y Comunitario de Pesca Artesanal del Pac\u00edfico Chocoano", "abbreviation": "GIPCA"}}, {"model": "accounts.network", "pk": "c9bc0413-bf22-40e6-ac63-179a30af38c7", "fields": {"name": "Integrating European Infrastructure to support science and development of Hydrogen- and Fuel Cell Technologies towards European Strategy for Sustainable, Competitive and Secure Energy", "abbreviation": "H2FC"}}, {"model": "accounts.network", "pk": "ca3c6662-085a-4235-9be2-fcb3f49b6186", "fields": {"name": "Baseline Surface Radiation Network", "abbreviation": "BSRN"}}, {"model": "accounts.network", "pk": "caa03584-8464-40fd-970e-f4d8f6a1da9b", "fields": {"name": "State-Trait Anxiety Inventory", "abbreviation": "STAI"}}, {"model": "accounts.network", "pk": "cabd2a2a-0c9c-4fc5-a02b-3a285b246dc3", "fields": {"name": "European Monitoring Agency for Drugs and Drug Addition", "abbreviation": "EMCDDA"}}, {"model": "accounts.network", "pk": "cacfffff-453c-4e17-b75e-f757960539ad", "fields": {"name": "International Forum for Aviation Research Support Action", "abbreviation": "IFARS"}}, {"model": "accounts.network", "pk": "cc6adc2d-7a0b-443e-8595-b8140d8e27b3", "fields": {"name": "Enabling the European Nanomedicine Area", "abbreviation": "NANOMED"}}, {"model": "accounts.network", "pk": "cc7ca89e-8c2e-413c-87f6-5899bb98c683", "fields": {"name": "Cross National Equivalent File", "abbreviation": "CNEF"}}, {"model": "accounts.network", "pk": "cfaf41ea-fc92-4331-99d3-6461dc714593", "fields": {"name": "MAnagement of Security information and events in Service InFrastructures", "abbreviation": "MASSIF"}}, {"model": "accounts.network", "pk": "d01cf8e1-dae5-4b67-9c0a-d1f74dae1953", "fields": {"name": "European Research Infrastructure for the observation of Aerosol, Clouds and Trace Gases", "abbreviation": "ACTRIS"}}, {"model": "accounts.network", "pk": "d16e1f38-89f4-4cb7-a6fb-46932240e632", "fields": {"name": "MIcro-and NAnotechnology Manufacturing", "abbreviation": "MINAM"}}, {"model": "accounts.network", "pk": "d18eb16c-e4e7-4fe1-895a-27ab1d6e3b1b", "fields": {"name": "Seismology and Earthquake Engineering Research Infrastructure Alliance for Europe", "abbreviation": "SERA"}}, {"model": "accounts.network", "pk": "d309bccb-0e9e-4028-bc54-6574d09589a5", "fields": {"name": "European Vasculitis Study Group", "abbreviation": "EUVAS"}}, {"model": "accounts.network", "pk": "d3abdd93-b372-4258-976e-948771f054e4", "fields": {"name": "International Society for Atmospheric Research using Remotely Piloted Aircraft", "abbreviation": "ISARRA"}}, {"model": "accounts.network", "pk": "d4c2128c-6c53-4c20-8f22-972bb3ca4acf", "fields": {"name": "Entreprise Europe Network", "abbreviation": "EEN"}}, {"model": "accounts.network", "pk": "d55bbcf1-5dd9-45f6-8248-1fe81da68696", "fields": {"name": "Open Access Infrastructure for Research in Europe", "abbreviation": "OpenAIRE"}}, {"model": "accounts.network", "pk": "d55f60bf-d654-41d7-9758-1e929fba8b2f", "fields": {"name": "European Research Infrastructure for Language Resources and Technology", "abbreviation": "CLARIN"}}, {"model": "accounts.network", "pk": "d5f041bb-f3cc-4f18-8839-d480928192f4", "fields": {"name": "Optical Infrared Coordination Network for Astronomy", "abbreviation": "OPTICON"}}, {"model": "accounts.network", "pk": "d61d08a4-d0be-4925-b399-6de6e6047f2c", "fields": {"name": "Nanostructured and Functional Polymer-based Materials and Nanocomposites", "abbreviation": "NANOFUN-POLY"}}, {"model": "accounts.network", "pk": "d657adf4-6c84-4e85-a6fc-dd56768b5817", "fields": {"name": "European Magnetic Field Laboratory", "abbreviation": "EMFL"}}, {"model": "accounts.network", "pk": "d65c095b-780f-4de1-af82-cc54024ecd29", "fields": {"name": "Ultrafast Nanooptics Research Group - Wigner Research Centre for Physics", "abbreviation": "UNRG"}}, {"model": "accounts.network", "pk": "d66d9160-5b23-4ec8-a9c2-622f676d0e83", "fields": {"name": "League of European Accelerator-based Photon Sources", "abbreviation": "LEAPS"}}, {"model": "accounts.network", "pk": "d6b76b88-4d10-4129-b5b6-1c291f94fd10", "fields": {"name": "Word Wide NMR", "abbreviation": "WW-NMR"}}, {"model": "accounts.network", "pk": "d724baaa-c8a3-44fa-904f-5c31f3cf0e3a", "fields": {"name": "European Marine Biological Resource Centre", "abbreviation": "EMBRC"}}, {"model": "accounts.network", "pk": "d7795cf3-3bae-45ae-bf94-f7ff954c82ef", "fields": {"name": "Research infrastructure for imaging technologies in biological and biomedical sciences", "abbreviation": "Euro-BioImaging"}}, {"model": "accounts.network", "pk": "d78d3f9a-117e-47ba-8461-c8b203f918b7", "fields": {"name": "Enhancing Access and Services To East European users towards an efficient and coordinated panEuropean pool of NMR capacities to enable global collaborative research & boost technological advancements", "abbreviation": "EAST-NMR"}}, {"model": "accounts.network", "pk": "d7b1b9bd-4334-4f0f-ac8e-61ea643ce209", "fields": {"name": "Gauss Centre for Supercomputing", "abbreviation": "GCS"}}, {"model": "accounts.network", "pk": "d7cd0b10-dd86-4636-b268-50381ffe1aa6", "fields": {"name": "European Technology Platform for High Performance Computing", "abbreviation": "ETP4HPC"}}, {"model": "accounts.network", "pk": "d8b78092-3b63-4af7-8d2f-0d23bc2010a4", "fields": {"name": "Other", "abbreviation": "Other"}}, {"model": "accounts.network", "pk": "d8d7063d-0b0d-40fb-a483-5e75132bfb11", "fields": {"name": "International Ocean Drilling Program", "abbreviation": "IODP"}}, {"model": "accounts.network", "pk": "d8f2c045-d730-4a0a-87e8-6d22c82ee76e", "fields": {"name": "Society for Neuroscience", "abbreviation": "SfN"}}, {"model": "accounts.network", "pk": "d90ba5f2-18a2-4fbc-91fb-3a958efda89a", "fields": {"name": "German Data Forum", "abbreviation": "RatSWD"}}, {"model": "accounts.network", "pk": "d9121969-3fe0-44f3-a2b3-b7aeca4268f9", "fields": {"name": "Cohort and Longitudinal Studies Enhancement Resources", "abbreviation": "CLOSER"}}, {"model": "accounts.network", "pk": "d94f7400-4fb3-4413-b0e9-ee278f30b445", "fields": {"name": "Scalable privacy preserving intelligence analysis for resolving identities", "abbreviation": "SPIRIT"}}, {"model": "accounts.network", "pk": "d9e23663-ede7-44f5-b759-7f7a9278dda8", "fields": {"name": "European Aquaculture Technology and Innovation Platform", "abbreviation": "EATIP"}}, {"model": "accounts.network", "pk": "da673382-0424-4f55-a636-3d41f7ab0944", "fields": {"name": "European Sequencing and Genotyping Infrastructure", "abbreviation": "ESGI"}}, {"model": "accounts.network", "pk": "da702600-b52d-4552-9436-8c0fe62e5390", "fields": {"name": "Supporting environmental, nature conservation and climate action projects throughout the EU", "abbreviation": "EU-Life"}}, {"model": "accounts.network", "pk": "dadefa8c-bedd-470d-aa07-3dac2deba066", "fields": {"name": "Coordinated Access to Lightsources to Promote Standards and Optimization", "abbreviation": "CALIPSO"}}, {"model": "accounts.network", "pk": "dc3aa197-5d76-4ca5-a560-030d4c7a3787", "fields": {"name": "Accessibility Assessment Simulation Environment for New Applications Design and Development", "abbreviation": "ACCESSIBLE"}}, {"model": "accounts.network", "pk": "dc828429-51ed-4e8e-b6ce-f1253f013bdb", "fields": {"name": "Coordinating Systems Medicine across Europe", "abbreviation": "CASyM"}}, {"model": "accounts.network", "pk": "dc8f9fe1-6017-4df5-8fdc-b6ac9f19da87", "fields": {"name": "European Advanced Translational Research Infrastructure in Medicine", "abbreviation": "EATRIS"}}, {"model": "accounts.network", "pk": "de103f51-0708-49c2-aca1-1adefd757766", "fields": {"name": "Association of European Marine Biological Laboratories Expanded", "abbreviation": "ASSEMBLE"}}, {"model": "accounts.network", "pk": "df6a867f-4ce2-4083-abb4-8a071fe7d999", "fields": {"name": "European Network of Vaccine Research and Development", "abbreviation": "TRANSVAC2"}}, {"model": "accounts.network", "pk": "e2ad4996-2d61-4e56-8195-acd5fc74bf96", "fields": {"name": "European Consortium for Ocean Research Drilling", "abbreviation": "ECORD"}}, {"model": "accounts.network", "pk": "e39b656c-5abe-43d4-b98f-09dabf83eaab", "fields": {"name": "International Council of Museums", "abbreviation": "ICOM"}}, {"model": "accounts.network", "pk": "e609ffae-e868-4c73-a73a-3d74a28510fa", "fields": {"name": "International Society for Biological and Environmental Repositories", "abbreviation": "ISBER"}}, {"model": "accounts.network", "pk": "e67fc570-ab00-467b-8a99-a598f33c588d", "fields": {"name": "Integrated Infrastructure Initiative for Neutron Scattering and Muon Spectroscopy", "abbreviation": "NMI3"}}, {"model": "accounts.network", "pk": "e6d4543c-b6d3-46e8-8cf8-ca2b3ec7fb1d", "fields": {"name": "Research infrastructures for the control of insect vector-borne diseases", "abbreviation": "Infravec2"}}, {"model": "accounts.network", "pk": "e744ccf7-6f24-4ca2-a6c6-b7f37f495576", "fields": {"name": "Photonics community of industry and research organisations", "abbreviation": "PHOTONICS21"}}, {"model": "accounts.network", "pk": "e77a2443-d925-4a91-96d1-a373271e98e5", "fields": {"name": "European Energy Research Alliance", "abbreviation": "EERA"}}, {"model": "accounts.network", "pk": "e8484256-6ea4-43d3-8704-4c31c4f7eb00", "fields": {"name": "AErosol Robotic NETwork", "abbreviation": "AERONET"}}, {"model": "accounts.network", "pk": "e887c4fc-82db-41d6-8139-0bb8fa4d59d8", "fields": {"name": "European Association for Transactional analysis", "abbreviation": "EATA"}}, {"model": "accounts.network", "pk": "e9002c66-b6d4-490a-9f30-a491c8745f62", "fields": {"name": "UK Environmental Change Network", "abbreviation": "ECN"}}, {"model": "accounts.network", "pk": "eaa25589-51ff-4b3b-9a3e-6754f4b0da5c", "fields": {"name": "Animal Health and Welfare ERA-Net", "abbreviation": "ANIHWA"}}, {"model": "accounts.network", "pk": "eb5b93e8-45e5-4a54-9b8a-ef01f25b80bb", "fields": {"name": "Ice Age Europe", "abbreviation": "ICEAGE"}}, {"model": "accounts.network", "pk": "ec3f7cfa-fcb9-43be-82b1-fe215e80b83b", "fields": {"name": "Scandinavian Dialect Syntax Network", "abbreviation": "ScanDiaSyn"}}, {"model": "accounts.network", "pk": "ecd48454-32f1-46d1-8fcc-232438d6be0a", "fields": {"name": "Collections Policy Board", "abbreviation": "CPB"}}, {"model": "accounts.network", "pk": "ed6debe4-5f8f-4843-a9d1-b24dd4c80d63", "fields": {"name": "EUROPEAN SOLAR RESEARCH INFRASTRUCTURE FOR CONCENTRATED SOLAR POWER", "abbreviation": "EU-SOLARIS"}}, {"model": "accounts.network", "pk": "ee050713-f591-4dca-9354-98e2c5d47ae4", "fields": {"name": "Communication and Policy development for Research Infrastructures in Europe", "abbreviation": "CoPoRI"}}, {"model": "accounts.network", "pk": "ef4be84b-f703-437d-ac11-e0f47c8023bb", "fields": {"name": "Open and secure network of repositories for sharing and exchanging language data, tools and related web services", "abbreviation": "META-SHARE"}}, {"model": "accounts.network", "pk": "f12e935b-a3b3-4090-bf62-d40a99a14892", "fields": {"name": "Partnership for Advanced Computing", "abbreviation": "PRACE"}}, {"model": "accounts.network", "pk": "f338f4e4-a451-48ea-ac48-d398e124baa3", "fields": {"name": "European Society for the study of Human Evolution", "abbreviation": "ESHE"}}, {"model": "accounts.network", "pk": "f3c11a04-cdc1-4d3b-bfde-191d1bd3249c", "fields": {"name": "European Research Infrastructure on Highly Pathogenic Agents", "abbreviation": "ERINHA"}}, {"model": "accounts.network", "pk": "f481af46-a8c4-40a3-aaa8-314c92e67e55", "fields": {"name": "Academic Careers Understood through MEasurement and Norms", "abbreviation": "ACUMEN"}}, {"model": "accounts.network", "pk": "f4f0e152-34dc-4f0f-8a1f-b357e062d082", "fields": {"name": "Rede de Remedia\u00e7\u00e3o e Reabilita\u00e7\u00e3o de Ambientes Degradados", "abbreviation": "READE"}}, {"model": "accounts.network", "pk": "f58e4d2d-7f43-425e-9fc8-6eff19942ac7", "fields": {"name": "Atlantic Network of Geodynamical and Space Stations", "abbreviation": "REAGE"}}, {"model": "accounts.network", "pk": "f5a3804a-d8b2-4106-b439-7300481f4d39", "fields": {"name": "Biological Alert Laboratories Network, Spain", "abbreviation": "RELAB"}}, {"model": "accounts.network", "pk": "f6f70d25-e890-49eb-8050-1c210915056d", "fields": {"name": "Global Network for Taxonomy", "abbreviation": "BioNET"}}, {"model": "accounts.network", "pk": "f7045309-8c2f-48a6-8860-f26a40b495cf", "fields": {"name": "Innovative Radiopharmaceuticals in Oncology and Neurology", "abbreviation": "Labex IRON"}}, {"model": "accounts.network", "pk": "f8520f5b-879b-45e9-981b-ba708b723def", "fields": {"name": "International Council for the Exploration of the Sea", "abbreviation": "ICES"}}, {"model": "accounts.network", "pk": "f8543257-c523-48e3-b48e-458816ccc15f", "fields": {"name": "Alliance for Permanent Access to the Records of Science Network", "abbreviation": "APARSEN"}}, {"model": "accounts.network", "pk": "f89a896a-54cf-4b64-94fc-7c720ee99491", "fields": {"name": "Comit\u00e9 Polar Espa\u00f1ol", "abbreviation": "CPE"}}, {"model": "accounts.network", "pk": "f89f61a9-16cd-473f-8803-53b5d452d4af", "fields": {"name": "INfraStructure in Proton International Research", "abbreviation": "INSPIRE"}}, {"model": "accounts.network", "pk": "f8d34478-13f1-4868-b538-b66277379512", "fields": {"name": "European Grid Infrastructure", "abbreviation": "EGI"}}, {"model": "accounts.network", "pk": "f9dea039-4a9f-4c13-ae8b-93228f42be2d", "fields": {"name": "CEH Aquatic Mesocosm Facility", "abbreviation": "CAMF"}}, {"model": "accounts.network", "pk": "fa42ee08-a89f-4434-a060-7f4431bc52f5", "fields": {"name": "Connecting Archaeology and Architecture in Europe", "abbreviation": "CARARE"}}, {"model": "accounts.network", "pk": "fa93c208-762f-4c85-a1e2-bfaa2982792e", "fields": {"name": "German Scientific Library Services and Information Systems", "abbreviation": "DFG LIS"}}, {"model": "accounts.network", "pk": "faaff048-be0e-4b21-ac7e-21456fcedbc2", "fields": {"name": "Federation of European Neurosciences", "abbreviation": "FENS"}}, {"model": "accounts.network", "pk": "fb228564-57c5-4375-9096-904666346f80", "fields": {"name": "European Botanic Gardens Consortium International", "abbreviation": "BGCI"}}, {"model": "accounts.network", "pk": "fcaf3d79-c3b4-4e2c-8de9-0e09653c1627", "fields": {"name": "Proteomics and Metabolomics Core Facility", "abbreviation": "PROMEC"}}, {"model": "accounts.network", "pk": "fcd3833d-f8ab-478b-862d-c3b40f4a1b45", "fields": {"name": "European Cancer Organisation", "abbreviation": "ECCO"}}, {"model": "accounts.network", "pk": "fcf7b853-6069-4921-b89d-1f5fcca809f1", "fields": {"name": "Collaboration to Clarify the Costs of Curation", "abbreviation": "4C"}}, {"model": "accounts.network", "pk": "fd25af7b-5b62-4a45-9b8d-97ac8195ccb9", "fields": {"name": "European Polar Board", "abbreviation": "EPB"}}, {"model": "accounts.network", "pk": "fd485271-032c-4315-ab32-80c6661be1e2", "fields": {"name": "Platform for Digital Cultural Heritage", "abbreviation": "Europeana"}}, {"model": "accounts.network", "pk": "fdfd7605-de71-46c5-a395-f90183ef69ab", "fields": {"name": "A cross-ETP Coordination Initiative on nanotechnology", "abbreviation": "NANOfutures"}}, {"model": "accounts.network", "pk": "fec6f682-c23a-4dc7-a9fd-4b5a27ee4d88", "fields": {"name": "Cooperation between Superconductivity and Magnetism in Mesoscopic systems", "abbreviation": "SuperMAG"}}, {"model": "accounts.network", "pk": "ff910645-870d-4e72-8436-c0403e58321a", "fields": {"name": "ALISTORE European Research Institute", "abbreviation": "ALISTORE ERI"}}, {"model": "accounts.network", "pk": "ffe5facf-b9f5-441c-af13-9bef3b127091", "fields": {"name": "International Gravity Reference System", "abbreviation": "IGRS"}}, {"model": "accounts.structure", "pk": "0fdf95fb-f562-46dd-9ee9-f2e2169b6029", "fields": {"name": "Other", "description": " "}}, {"model": "accounts.structure", "pk": "323c40f3-350e-479e-92e6-450cd0afe626", "fields": {"name": "Distributed", "description": "The Provider has multiple physical locations but a unified management structure and a single coordination centre."}}, {"model": "accounts.structure", "pk": "32ad4e54-3c25-46aa-bed4-e1e1a637aedf", "fields": {"name": "Mobile", "description": "The Provider is changing its physical location on a regular basis (e.g., satellites, research vessels)."}}, {"model": "accounts.structure", "pk": "ae59b48c-4109-493f-a979-f7dc48afbd5c", "fields": {"name": "Virtual", "description": "The Provider is exclusively an electronic resource/service."}}, {"model": "accounts.structure", "pk": "ed8c6549-9015-49df-b4c0-f6a18a5b94d3", "fields": {"name": "Single-sited", "description": "The Provider has one main physical location for users."}}, {"model": "accounts.affiliation", "pk": "002c443d-fe58-4821-9bf7-110ee7636eeb", "fields": {"name": "European Multidisciplinary Seafloor Observation (EMSO)"}}, {"model": "accounts.affiliation", "pk": "008efb82-8675-4454-8592-083c275318c8", "fields": {"name": "RITMARE"}}, {"model": "accounts.affiliation", "pk": "009a1b84-f79f-4635-a2d5-3dfecba3685a", "fields": {"name": "ETP Nanomedicine"}}, {"model": "accounts.affiliation", "pk": "009cf28e-8915-4de3-a0fe-0b9deb63f220", "fields": {"name": "European Network of Vaccine Research and Development"}}, {"model": "accounts.affiliation", "pk": "01547463-67c2-4247-b036-290b6af1d721", "fields": {"name": "PHOTONICS 21"}}, {"model": "accounts.affiliation", "pk": "02a9021d-98c2-467f-b49c-d45795bd08ce", "fields": {"name": "Council for the Development of Social Science Research in Africa (CODESRIA)"}}, {"model": "accounts.affiliation", "pk": "02c2bcce-75fa-41e6-8ee2-a6dfd6fa8bd2", "fields": {"name": "Coordinated Access to Lightsources to Promote Standards and Optimization (CALIPSO)"}}, {"model": "accounts.affiliation", "pk": "02ef7162-2069-4791-8c7f-c4292547783b", "fields": {"name": "VPH"}}, {"model": "accounts.affiliation", "pk": "03933ecc-2242-4fc0-a8f6-3df2107f2990", "fields": {"name": "Millennium Seed Bank Partnership"}}, {"model": "accounts.affiliation", "pk": "044dbc7a-959f-4cb0-ab92-5b835f97686e", "fields": {"name": "International Council for the Exploration of the Sea (ICES)"}}, {"model": "accounts.affiliation", "pk": "04575f5f-8f02-42a7-8a4a-fb3c4a0adb80", "fields": {"name": "EUROfusion"}}, {"model": "accounts.affiliation", "pk": "05bb7123-a616-46b6-abd6-b93c01ff915b", "fields": {"name": "International Barcode of Life"}}, {"model": "accounts.affiliation", "pk": "0658161a-7cb4-421c-8b55-359a0e238678", "fields": {"name": "iNEXT"}}, {"model": "accounts.affiliation", "pk": "06c750c8-2b7c-4896-8078-02e2c3fd6a93", "fields": {"name": "EcoChange"}}, {"model": "accounts.affiliation", "pk": "07bf3f0b-d817-4f82-abcd-4e73b609d048", "fields": {"name": "Science and Applications of ultrafast and ultraintense lasers (SAUUL)"}}, {"model": "accounts.affiliation", "pk": "095b998e-0eca-470a-b0e5-69e1bc25db24", "fields": {"name": "MAnagement of Security information and events in Service InFrastructures (MASSIF)"}}, {"model": "accounts.affiliation", "pk": "09716f41-9dce-42a3-9f65-705461fc935a", "fields": {"name": "Committee Research with Neutrons (KFN)"}}, {"model": "accounts.affiliation", "pk": "0a19c5dd-b795-4c43-807f-20c9ff0faae9", "fields": {"name": "LNCMI-G"}}, {"model": "accounts.affiliation", "pk": "0a23a002-2b82-44d4-8315-f0e4df86754c", "fields": {"name": "IVOA"}}, {"model": "accounts.affiliation", "pk": "0a5fd437-854e-4de5-8b42-f904e600f007", "fields": {"name": "Polar barcode of life"}}, {"model": "accounts.affiliation", "pk": "0abb1a62-7bf4-49d6-a93f-f78437c18a72", "fields": {"name": "EVN"}}, {"model": "accounts.affiliation", "pk": "0bb99c56-cf40-4a5a-bbaf-e7600e280c4d", "fields": {"name": "Core Facility Net"}}, {"model": "accounts.affiliation", "pk": "0c6464f5-2b55-4240-9a99-dc137033bce1", "fields": {"name": "ACTRIS"}}, {"model": "accounts.affiliation", "pk": "0dfc1522-fc85-4d5d-8310-0f8b7407cb6d", "fields": {"name": "Ocean Facilities Exchange Group (OFEG)"}}, {"model": "accounts.affiliation", "pk": "0eac7646-496b-49ab-a0a7-e486f445a970", "fields": {"name": "MESOCOSM"}}, {"model": "accounts.affiliation", "pk": "0f881793-419e-42b5-91e1-3c968023f9b6", "fields": {"name": "European Grid Infrastructure (EGI)"}}, {"model": "accounts.affiliation", "pk": "101c95a1-53e8-4bb3-bb68-0229b3c40f69", "fields": {"name": "MyOcean2"}}, {"model": "accounts.affiliation", "pk": "107aa77f-b62d-45d6-ac5a-8f5bf60564f8", "fields": {"name": "BING"}}, {"model": "accounts.affiliation", "pk": "10dd770b-93b2-451a-acb8-b22ccd75e85e", "fields": {"name": "ISBER"}}, {"model": "accounts.affiliation", "pk": "112c8dd0-2041-41f4-9ee1-ab25ab1fc110", "fields": {"name": "International Cancer Genome Consortium (ICGC)"}}, {"model": "accounts.affiliation", "pk": "116d9637-deea-485d-9054-f30baf7aa461", "fields": {"name": "International Gravity Reference System (IGRS)"}}, {"model": "accounts.affiliation", "pk": "11b65d15-ae23-414f-86b6-d4dc02ccae7c", "fields": {"name": "World Federation for Culture Collections (WFCC)"}}, {"model": "accounts.affiliation", "pk": "131b3b18-8df5-4054-b8db-df0740bb51e2", "fields": {"name": "IFAR - International Forum for Research Aviation"}}, {"model": "accounts.affiliation", "pk": "132cf7c5-8642-4bea-9b65-d43e9580d258", "fields": {"name": "EFDA"}}, {"model": "accounts.affiliation", "pk": "132eb859-f399-4bc4-8bfb-a2409515ab8f", "fields": {"name": "International Network of Ground-Based Microwave Radiometers (MWRnet)"}}, {"model": "accounts.affiliation", "pk": "159e651c-e6f0-45e7-b5a0-1defb49c5020", "fields": {"name": "International Research Institute of Stavanger (IRIS)"}}, {"model": "accounts.affiliation", "pk": "17a448a1-0108-456e-8601-fa0261f6acac", "fields": {"name": "European Association for Solar Telescopes (EAST)"}}, {"model": "accounts.affiliation", "pk": "17d95474-ab6c-44c6-b5c6-9f9a5a8b78ca", "fields": {"name": "Intergovernmental Oceanographic Commission/International Oceanographic Data and Information Exchange (IOC/IODE)"}}, {"model": "accounts.affiliation", "pk": "17f96cc7-213e-45c5-9771-01f3a7ed465a", "fields": {"name": "SOPHIA"}}, {"model": "accounts.affiliation", "pk": "1a353684-3053-410a-92c8-5d02840895ac", "fields": {"name": "Global Genome Biodiversity Network (GGBN)"}}, {"model": "accounts.affiliation", "pk": "1a9306b6-9c72-4d5d-85bc-aa6df344063a", "fields": {"name": "European Infrastructure of Open Screening Platforms for Chemical Biology"}}, {"model": "accounts.affiliation", "pk": "1bc54cb0-2a03-4704-8f54-38f38b4e9794", "fields": {"name": "Center for Organelle Research (CORE)"}}, {"model": "accounts.affiliation", "pk": "1c4e477a-a799-4e2a-bd08-4a67d880fff8", "fields": {"name": "ARBO-ZOONET"}}, {"model": "accounts.affiliation", "pk": "1cf612ad-d19c-40a9-9844-0f59be770716", "fields": {"name": "AQUAEXCEL"}}, {"model": "accounts.affiliation", "pk": "1e55fec4-7483-409d-9572-9eb443ac71a5", "fields": {"name": "Coordinated Research Infrastructures Building Enduring Life-Science Services (CORBEL)"}}, {"model": "accounts.affiliation", "pk": "1e91e98d-f2fe-4eec-ae17-9abd1392a3b2", "fields": {"name": "Digital Research Infrastructure for Arts and Humanities (DARIAH)"}}, {"model": "accounts.affiliation", "pk": "1f47211b-ebb2-440e-a123-f28642885041", "fields": {"name": "Euro-BioImaging"}}, {"model": "accounts.affiliation", "pk": "203c02c1-2565-486d-9582-e7cd28a49c31", "fields": {"name": "National Civil Protection Department Network"}}, {"model": "accounts.affiliation", "pk": "20930b7e-598d-4eb3-a406-f6b005aff793", "fields": {"name": "IBiSA"}}, {"model": "accounts.affiliation", "pk": "20b953cc-cf57-43a0-838c-941c61db538b", "fields": {"name": "International Tokamak Physics Activity (ITPA)"}}, {"model": "accounts.affiliation", "pk": "213af750-f8db-4c1e-ab52-fc8b19360b42", "fields": {"name": "National Network for Electron Microscopy (RNME)"}}, {"model": "accounts.affiliation", "pk": "2156b1bc-5db6-4597-ae15-234bc229b206", "fields": {"name": "CRISP"}}, {"model": "accounts.affiliation", "pk": "219c3b21-0e5e-42b2-b11d-351408af5a08", "fields": {"name": "VLBI2010 Global Observing System (VGOS)"}}, {"model": "accounts.affiliation", "pk": "22205e78-f133-4a76-aa3c-2e63ff405cc0", "fields": {"name": "4M Association"}}, {"model": "accounts.affiliation", "pk": "229bf906-8fa1-4ec5-8d9e-375b3fc7e604", "fields": {"name": "International Panel Survey Methods Workshops"}}, {"model": "accounts.affiliation", "pk": "22bf7a60-a8bf-4859-9195-c10942e80b13", "fields": {"name": "SciColl - Scientific Collections International"}}, {"model": "accounts.affiliation", "pk": "2481c9fa-dd41-4ba4-818e-dc1e544c7b63", "fields": {"name": "MESOAQUA"}}, {"model": "accounts.affiliation", "pk": "248359a4-7f56-44dc-9762-67a025c6227e", "fields": {"name": "Budapest Neutron Centre"}}, {"model": "accounts.affiliation", "pk": "25b9fdb0-1805-4db3-9b00-1fb595c404ee", "fields": {"name": "VIRCA Network"}}, {"model": "accounts.affiliation", "pk": "25fc037b-c517-46d4-87ee-245dd73b1527", "fields": {"name": "Network for Digital Methods in the Arts and Humanities (NeDiMAH)"}}, {"model": "accounts.affiliation", "pk": "28b2bfd7-becd-4e52-a8d9-a219f7e9da10", "fields": {"name": "Metabolomics Society"}}, {"model": "accounts.affiliation", "pk": "28cbc44f-c768-4205-9414-1f5b08f66a38", "fields": {"name": "German Data Forum"}}, {"model": "accounts.affiliation", "pk": "291151ed-fabe-4b1d-956e-9fa94d542e5a", "fields": {"name": "SWEPOS"}}, {"model": "accounts.affiliation", "pk": "298a0338-5c59-4ac0-8b88-20b98f347932", "fields": {"name": "European Coordination for Accelerator Research & Development"}}, {"model": "accounts.affiliation", "pk": "2a0ec59c-5028-45d6-ac61-8edab2e48a36", "fields": {"name": "NANOFUN-POLY"}}, {"model": "accounts.affiliation", "pk": "2b9b78d0-f459-47d7-bba3-988381c5a37f", "fields": {"name": "NDACC"}}, {"model": "accounts.affiliation", "pk": "2bd72cab-57c4-4f00-b626-22c177859804", "fields": {"name": "Helmholtz Alliance Drug Research"}}, {"model": "accounts.affiliation", "pk": "2ca946a8-b441-4867-a89f-0cc95a93d532", "fields": {"name": "STN International"}}, {"model": "accounts.affiliation", "pk": "2cca3886-9fdd-4451-91b1-2a2a74f94b8a", "fields": {"name": "International Council of Museums (ICOM)"}}, {"model": "accounts.affiliation", "pk": "2cedfdc5-d094-4cde-91af-3584f0e85e8a", "fields": {"name": "UK Environmental Change Network (ECN)"}}, {"model": "accounts.affiliation", "pk": "2db7cccd-3066-4316-b61b-afc74189562a", "fields": {"name": "ESTEEM"}}, {"model": "accounts.affiliation", "pk": "2df5f3aa-e325-4da3-8d6d-83b12ec65cca", "fields": {"name": "BRIDGE - Europractice"}}, {"model": "accounts.affiliation", "pk": "2e3a8f45-a66c-42ef-bf6b-9f2350c05cba", "fields": {"name": "Bio-based Industries Consortium (BIC)"}}, {"model": "accounts.affiliation", "pk": "2ebb1133-525b-4c65-8fc8-a69f2f3d265b", "fields": {"name": "International Mouse Phenotyping Consortium (IMPC)"}}, {"model": "accounts.affiliation", "pk": "2ebe308e-5bb9-466e-9cf3-09cde35b1146", "fields": {"name": "Workshop of Panelsurveys in Germany"}}, {"model": "accounts.affiliation", "pk": "30333c36-a5c3-4447-89f6-47abca9aa09a", "fields": {"name": "EU-SOLARIS"}}, {"model": "accounts.affiliation", "pk": "30430743-8e8b-4bfb-ad63-8ee00efad773", "fields": {"name": "International VLBI Service for Geodesy & Astrometry (IVS)"}}, {"model": "accounts.affiliation", "pk": "33220231-2ef0-4d2d-8f98-3a631455a178", "fields": {"name": "ASSEMIC"}}, {"model": "accounts.affiliation", "pk": "332e4362-a4c9-440f-8832-18d036550989", "fields": {"name": "Global Network for Taxonomy (BioNET)"}}, {"model": "accounts.affiliation", "pk": "33e2f5e9-b722-4da8-a626-d4657d544249", "fields": {"name": "Global Millimeter VLBI Array"}}, {"model": "accounts.affiliation", "pk": "341142ce-1126-4a8b-8289-56c13852bf95", "fields": {"name": "STAI"}}, {"model": "accounts.affiliation", "pk": "34222c45-c97e-43e1-b615-c7a2c7be0664", "fields": {"name": "One Geology"}}, {"model": "accounts.affiliation", "pk": "347ddee9-a4e6-40ef-a6ff-e30efe2314e6", "fields": {"name": "Ibero-american network for the study of carotenoids as food ingredients (IBERCAROT)"}}, {"model": "accounts.affiliation", "pk": "355006c2-411b-40ae-a4ea-958ea62d8308", "fields": {"name": "Teide and Roque de los Muchachos Observatories-Canary Islands"}}, {"model": "accounts.affiliation", "pk": "3563751d-3bdc-4424-bb53-adcb7671742e", "fields": {"name": "National Biobank Network"}}, {"model": "accounts.affiliation", "pk": "36012c18-0962-4b64-920b-3c67083f84d6", "fields": {"name": "Seismic Engineering Research Infrastructures for European Synergies (SERIES)"}}, {"model": "accounts.affiliation", "pk": "36eeb9b4-4a7f-47f3-b235-2f875f483383", "fields": {"name": "Atlantic Network of Geodynamical and Space Stations (REAGE)"}}, {"model": "accounts.affiliation", "pk": "37b70ff4-5d39-4e55-9767-87317ec67c9d", "fields": {"name": "Event Horizon Telescope"}}, {"model": "accounts.affiliation", "pk": "37cc73eb-d918-4c88-ad3c-123e2303b4ab", "fields": {"name": "test"}}, {"model": "accounts.affiliation", "pk": "37cf8334-0f79-4258-982e-73a20f435ba6", "fields": {"name": "Neuroscience Society"}}, {"model": "accounts.affiliation", "pk": "3a48023f-61c0-449f-b02d-26db015c7e8e", "fields": {"name": "Integrated Infrastructure Initiative for Neutron Scattering and Muon Spectroscopy (NMI3)"}}, {"model": "accounts.affiliation", "pk": "3b8571e1-503a-4b73-85d8-8e7add43bee2", "fields": {"name": "CLARIN"}}, {"model": "accounts.affiliation", "pk": "3bde30c8-b5f0-458c-a303-1d5188a7cf9c", "fields": {"name": "Society for Neuroscience"}}, {"model": "accounts.affiliation", "pk": "3cfbc6c0-304c-47c2-ac35-e07c446f798a", "fields": {"name": "Telescopio Nazionale Galileo (TNG)"}}, {"model": "accounts.affiliation", "pk": "3d0f86e4-95c6-4fac-bb29-0b79aa52e506", "fields": {"name": "Society of Primatology"}}, {"model": "accounts.affiliation", "pk": "3e057621-7bf6-4285-a590-a2a432131f4a", "fields": {"name": "GDR 3056 'ChemBioScreen'"}}, {"model": "accounts.affiliation", "pk": "3e825f0f-6262-43c6-8190-d9947dd63d65", "fields": {"name": "International Mouse Knock-out Consortium (IKMC)"}}, {"model": "accounts.affiliation", "pk": "3edfebe1-76c2-4b5b-9328-bb90cce5d07a", "fields": {"name": "Grupo Interinstitucional y Comunitario de Pesca Artesanal del Pac\u00edfico Chocoano (GIPCA)"}}, {"model": "accounts.affiliation", "pk": "41553c62-58f3-48c8-aac6-25ab2109d6a7", "fields": {"name": "European Plate Observing System (EPOS)"}}, {"model": "accounts.affiliation", "pk": "42a012ac-e286-46a2-92b3-8b8ed6dcacf6", "fields": {"name": "European Social Survey"}}, {"model": "accounts.affiliation", "pk": "435de3ee-2f45-43a2-862e-c5251e3ee122", "fields": {"name": "European Energy Research Alliance"}}, {"model": "accounts.affiliation", "pk": "43940359-0bda-4c8b-a40a-681a17fa84e0", "fields": {"name": "Baseline Surface Radiation Network (BSRN)"}}, {"model": "accounts.affiliation", "pk": "458a3624-bb3f-4ec9-9a4d-453c5cc1704a", "fields": {"name": "EMBRC"}}, {"model": "accounts.affiliation", "pk": "46ad365f-9b75-4090-991c-801a28336fb5", "fields": {"name": "Laboratory of excellence Medalis"}}, {"model": "accounts.affiliation", "pk": "46bbf9d3-f10f-4d1e-8bf4-f18f979397e3", "fields": {"name": "European Consortium for Ocean Research Drilling (ECORD)"}}, {"model": "accounts.affiliation", "pk": "46fa6f6e-7e78-4570-9c8c-8f284836ef58", "fields": {"name": "ALISTORE"}}, {"model": "accounts.affiliation", "pk": "47315b45-3d45-4798-9cf5-b2f8503f3889", "fields": {"name": "Standing Committee Research Data Infrastructure (FDI)"}}, {"model": "accounts.affiliation", "pk": "4759ecb6-9ef6-403d-a92b-e4c351591e8d", "fields": {"name": "European Polar Board (EPB)"}}, {"model": "accounts.affiliation", "pk": "47bf4408-e0b5-45de-967b-318b6d81f254", "fields": {"name": "Neutron scattering and Muon Spectroscopy Integrating Infrastructure Initiative"}}, {"model": "accounts.affiliation", "pk": "47d9fa06-f2ed-4180-aa49-a0aced593e97", "fields": {"name": "DFG LIS"}}, {"model": "accounts.affiliation", "pk": "4833d67c-851d-4a91-b1d7-c39bfdee48bc", "fields": {"name": "SYNTHESYS - Information Network of European Natural History Collections"}}, {"model": "accounts.affiliation", "pk": "494e6842-5d2e-430a-9680-20dce2f3bdce", "fields": {"name": "Accessibility Assessment Simulation Environment for New Applications Design and Development (ACCESSIBLE)"}}, {"model": "accounts.affiliation", "pk": "49db5031-8989-408a-bc20-8a02b562d1ea", "fields": {"name": "PRACE"}}, {"model": "accounts.affiliation", "pk": "4a1bf079-a63f-43b8-ade3-4b3a6dde4199", "fields": {"name": "Parelsnoer Institute"}}, {"model": "accounts.affiliation", "pk": "4a345111-e869-433b-b1b7-b7706e564412", "fields": {"name": "PRIME-XS"}}, {"model": "accounts.affiliation", "pk": "4a3a7bc0-4eff-4249-912a-ec8851b6dc14", "fields": {"name": "BioSHaRE"}}, {"model": "accounts.affiliation", "pk": "4bd78cd3-d886-4345-bcdb-18323c54a3dc", "fields": {"name": "European Commission for the control of Foot and Mouth Disease (EuFMD)"}}, {"model": "accounts.affiliation", "pk": "4cb39f93-d4ca-4f14-a9c7-c262b38b76e4", "fields": {"name": "Intergovernmental Science-Policy Platform on Biodiversity and Ecosystem Services (IPBES)"}}, {"model": "accounts.affiliation", "pk": "4cba3a7d-d8a5-45b7-b689-7e71f12b4628", "fields": {"name": "League of European Accelerator-based Photon Sources"}}, {"model": "accounts.affiliation", "pk": "4dad4d49-ac77-49ac-8968-22e93b08ada4", "fields": {"name": "SEGRID - Security for smart Electricity GRIDs"}}, {"model": "accounts.affiliation", "pk": "51ce8ac1-e940-4049-aec9-3710ff923f69", "fields": {"name": "Collaboration to Clarify the Costs of Curation (4C)"}}, {"model": "accounts.affiliation", "pk": "522f9905-8674-4977-bf89-e7bd6d79494b", "fields": {"name": "ASTARTE - Assessment, STrategy And Risk Reduction for Tsunamis in Europe"}}, {"model": "accounts.affiliation", "pk": "52a796a5-2c91-4ae8-bd13-9199cdc9b768", "fields": {"name": "AQUAtic MesoCOSM Facilities"}}, {"model": "accounts.affiliation", "pk": "53202863-96ad-4d75-8a13-86c32f4dffcb", "fields": {"name": "Euraqua"}}, {"model": "accounts.affiliation", "pk": "539d6b16-5e91-4bad-a181-1bacc6881bf1", "fields": {"name": "Society for the Preservation of Natural History Collections (SPNHC)"}}, {"model": "accounts.affiliation", "pk": "5427ced0-3d44-45d2-beeb-d01053e780c0", "fields": {"name": "GNSS Service Centre"}}, {"model": "accounts.affiliation", "pk": "5461134d-df6a-4286-aabf-2b945267356b", "fields": {"name": "Internal Magnets for DNP (DNPMAG)"}}, {"model": "accounts.affiliation", "pk": "54c0dd98-66b9-4522-9580-3fd8c76f9277", "fields": {"name": "DTL"}}, {"model": "accounts.affiliation", "pk": "54e17f78-1304-426a-a32f-e471b340a081", "fields": {"name": "World Data Centre for Microorganisms"}}, {"model": "accounts.affiliation", "pk": "55018ca4-7415-4267-97b8-6061a3210b23", "fields": {"name": "HVI"}}, {"model": "accounts.affiliation", "pk": "557cf368-55bd-49d1-809d-0908a1b793a3", "fields": {"name": "Proteomics and Metabolomics Core Facility (PROMEC)"}}, {"model": "accounts.affiliation", "pk": "5776e736-fb97-4451-b0e3-4f59c9bc67d5", "fields": {"name": "GRUAN"}}, {"model": "accounts.affiliation", "pk": "57faa9c3-f555-496c-9cc6-125ac7dd20ee", "fields": {"name": "Networking Lake Observatories in Europe (NETLAKE)"}}, {"model": "accounts.affiliation", "pk": "5883dc12-a96f-48e8-a551-1f3ddef3528d", "fields": {"name": "Asian Pacific Atomic Network"}}, {"model": "accounts.affiliation", "pk": "58d07488-2989-4735-b69d-c1db76bd4741", "fields": {"name": "TDWG (Biodiversity Information Standards)"}}, {"model": "accounts.affiliation", "pk": "58dd9741-10fb-488d-8304-7a8e0c0752b8", "fields": {"name": "LASERLAB Europe"}}, {"model": "accounts.affiliation", "pk": "59ce355a-af3c-49a7-adea-cc4294788001", "fields": {"name": "G\u00c9ANT"}}, {"model": "accounts.affiliation", "pk": "59ff5857-f960-41cc-aff1-ac8ed62c187a", "fields": {"name": "Hydralab IV"}}, {"model": "accounts.affiliation", "pk": "5a5a49e1-f590-4576-a4a2-a801685ea62f", "fields": {"name": "AMICOM"}}, {"model": "accounts.affiliation", "pk": "5ba37078-dfcf-4b59-82f3-502ba10558dd", "fields": {"name": "European Network for Animal Disease and Infectiology Research Facilities (NADIR)"}}, {"model": "accounts.affiliation", "pk": "5bea9e5c-ad9e-4987-8f80-abbcd002844c", "fields": {"name": "ENIVD"}}, {"model": "accounts.affiliation", "pk": "5c2f2fb6-2c64-4a38-b08a-d8633e1b2861", "fields": {"name": "LifeWatch"}}, {"model": "accounts.affiliation", "pk": "5c733c0e-3db9-4451-9433-da0c9c8c3b9e", "fields": {"name": "NANO2LIFE"}}, {"model": "accounts.affiliation", "pk": "5e10b30c-441c-4886-80b9-f5f92b083b7d", "fields": {"name": "InGOS (Integrated non-CO2 Greenhouse Gas Observing Systems)"}}, {"model": "accounts.affiliation", "pk": "5eb912d5-560d-4ee5-9f49-12775f5d1e70", "fields": {"name": "GUIDE\u2014Gentle User Interfaces for Disabled and Elderly Citizens"}}, {"model": "accounts.affiliation", "pk": "5f22d2bf-fe93-4077-92e9-4fcb03c1ca26", "fields": {"name": "Global Atmosphere Watch Programme-cooperation Germany, Austria, Switzerland (GAW-DACH)"}}, {"model": "accounts.affiliation", "pk": "602c633d-0443-4e13-8d37-24fe12120f68", "fields": {"name": "Biocenter Finland"}}, {"model": "accounts.affiliation", "pk": "6087971e-5ec9-4e86-b3fc-553dc60566c3", "fields": {"name": "TI Food and Nutrition"}}, {"model": "accounts.affiliation", "pk": "618cbe26-623a-479e-8c9a-8129e1527d23", "fields": {"name": "European Mouse Mutant Archive (EMMA)"}}, {"model": "accounts.affiliation", "pk": "61ab0712-8cd4-48a5-b502-7e5fd4f2a744", "fields": {"name": "World Organisation for Animal Health (OIE)"}}, {"model": "accounts.affiliation", "pk": "64139288-f96b-440a-80c8-f23a088455d8", "fields": {"name": "Food and Agricultural Organisation of the United Nations (FAO)"}}, {"model": "accounts.affiliation", "pk": "648ce013-8c15-4788-a8c2-6ff541539709", "fields": {"name": "Rad4med"}}, {"model": "accounts.affiliation", "pk": "64954e40-0a67-4cdf-9fd0-dc3503dcba35", "fields": {"name": "META-SHARE"}}, {"model": "accounts.affiliation", "pk": "66c7dd18-a990-40b6-9b0a-2eb7f83f4315", "fields": {"name": "SPIRIT"}}, {"model": "accounts.affiliation", "pk": "68800d91-ee8d-4b88-8b66-97e448a97692", "fields": {"name": "SOLARNET"}}, {"model": "accounts.affiliation", "pk": "68fd9bc2-fa4a-4935-8f47-a7b2fbfa607b", "fields": {"name": "VISIONAIR"}}, {"model": "accounts.affiliation", "pk": "6a54055e-82a8-44c1-a423-9075d1de8bf8", "fields": {"name": "Network for Internationalising Advanced Science"}}, {"model": "accounts.affiliation", "pk": "6be22518-ac73-46c7-a737-e7e3b9573e48", "fields": {"name": "REBT International Excellence Research Network"}}, {"model": "accounts.affiliation", "pk": "6d307728-9154-4a71-95e2-109845a11346", "fields": {"name": "International Primatological Society"}}, {"model": "accounts.affiliation", "pk": "6efac4b9-8097-47d5-ae07-8ee7d394ff27", "fields": {"name": "European, Middle Eastern and African Society for Biopreservation and Biobanking (ESBB)"}}, {"model": "accounts.affiliation", "pk": "6f0edc57-cc12-4254-ac70-8a634e154949", "fields": {"name": "Swiss Institute for Art Research (SIK-ISEA)"}}, {"model": "accounts.affiliation", "pk": "6f2324ae-4fee-44ac-8bc7-a9a031da1b97", "fields": {"name": "Ti-COAST"}}, {"model": "accounts.affiliation", "pk": "6f4082d7-719b-4f25-82a9-7e5c7e495d63", "fields": {"name": "GAW"}}, {"model": "accounts.affiliation", "pk": "6fa2116a-ae3e-4def-a92a-f2f82c2a3272", "fields": {"name": "ERNCIP"}}, {"model": "accounts.affiliation", "pk": "6fe7c54f-6f76-446a-ab2d-e104bedf2b37", "fields": {"name": "ENVRI"}}, {"model": "accounts.affiliation", "pk": "6ffd538b-b9a1-46b9-8a89-35db0074c23b", "fields": {"name": "EHRI"}}, {"model": "accounts.affiliation", "pk": "70311787-07e7-45a2-9bcb-81bb4ea7f5bd", "fields": {"name": "Consortium of European Social Science Data Archives"}}, {"model": "accounts.affiliation", "pk": "7051e684-a384-4c67-930c-e626bb611180", "fields": {"name": "GMOS"}}, {"model": "accounts.affiliation", "pk": "70cfac89-2ad8-42b3-942a-b287eb5f7c35", "fields": {"name": "Goportis - Leibniz Library Network for Research Information"}}, {"model": "accounts.affiliation", "pk": "714a7564-d9b4-4146-ba8f-59e77a19c3df", "fields": {"name": "EPoSS"}}, {"model": "accounts.affiliation", "pk": "7194ef0b-ed07-4efd-b4e8-17f535e977bf", "fields": {"name": "International Research Ship Operators (IRSO)"}}, {"model": "accounts.affiliation", "pk": "72b917e4-d0b1-426b-a223-e84a3571c894", "fields": {"name": "International Energy Agency implementing agreement on Ocean Energy Systems"}}, {"model": "accounts.affiliation", "pk": "72c2c481-d890-40d1-bac1-8dbc4f4546bc", "fields": {"name": "Partnership for European Environmental Research (PEER)"}}, {"model": "accounts.affiliation", "pk": "72c60a32-1140-470c-a73f-a1986c487c6c", "fields": {"name": "CASyM"}}, {"model": "accounts.affiliation", "pk": "72fda937-ff83-4525-8673-9997f5daaa8c", "fields": {"name": "QB50"}}, {"model": "accounts.affiliation", "pk": "731553c2-568a-446d-bdd9-6e3db3879d51", "fields": {"name": "Nanofutures"}}, {"model": "accounts.affiliation", "pk": "742026d1-2f88-4f37-abec-c477f3cc7e76", "fields": {"name": "Gauss Centre for Supercomputing (GCS e.V.)"}}, {"model": "accounts.affiliation", "pk": "74e4b375-f765-4468-8eb7-1171941f6b80", "fields": {"name": "EREA"}}, {"model": "accounts.affiliation", "pk": "75bebef0-7aec-4a90-993b-4197e89381df", "fields": {"name": "Cooperative Research Ships (CRS)"}}, {"model": "accounts.affiliation", "pk": "75cbfb72-91a7-41be-a4bf-f33e615aaf94", "fields": {"name": "READE - Rede de Remedia\u00e7\u00e3o e Reabilita\u00e7\u00e3o de Ambientes Degradados (Brasil-Portugal)"}}, {"model": "accounts.affiliation", "pk": "76394d3a-7517-4398-986f-61a45f311b6e", "fields": {"name": "German Consortium for Translational Cancer Research (DKTK)"}}, {"model": "accounts.affiliation", "pk": "76d40203-49ac-4fe1-a888-5dcf3697d8f2", "fields": {"name": "NEXUS"}}, {"model": "accounts.affiliation", "pk": "77245227-e117-4388-a7c9-8d1525693359", "fields": {"name": "Common Access to Biotechnological Resources and Information (CABRI)"}}, {"model": "accounts.affiliation", "pk": "785c0e60-16bc-4f18-9c2b-8cdbdcdd0a68", "fields": {"name": "Europeana"}}, {"model": "accounts.affiliation", "pk": "79354c19-84b9-4f06-b93c-28ab3d4aa8c8", "fields": {"name": "Network of European CEntrifige for Research (NECER)"}}, {"model": "accounts.affiliation", "pk": "7985f27e-7aaf-442a-b81b-1220adeabc49", "fields": {"name": "Nearctis"}}, {"model": "accounts.affiliation", "pk": "79d939af-622c-43b1-b163-1db95f579a25", "fields": {"name": "International Barcode of Life (IBOL)"}}, {"model": "accounts.affiliation", "pk": "7a36e2a3-1e67-4eba-a3c9-dc0b5a8e53c5", "fields": {"name": "Data without Boundaries project (DwB)"}}, {"model": "accounts.affiliation", "pk": "7b137f01-75be-48e9-9b38-e5a76c6d4bca", "fields": {"name": "Eucowas"}}, {"model": "accounts.affiliation", "pk": "7ba9ad23-6679-4fa2-a115-05c201ed2dfa", "fields": {"name": "Nordic Imaging Network"}}, {"model": "accounts.affiliation", "pk": "7caf6dd4-35aa-47d6-a23e-724de781de05", "fields": {"name": "Astroparticle Physics European Coordination (ApPEC)"}}, {"model": "accounts.affiliation", "pk": "7cb8fb88-f2f5-4342-96a2-fa1430c56a47", "fields": {"name": "Scalable, Secure Storage of Biobank Data (BiobankCloud)"}}, {"model": "accounts.affiliation", "pk": "7ccb1b56-d7ab-4d37-937a-ce5dcc38b621", "fields": {"name": "European Institute for Biomedical Imaging Research (EIBIR)"}}, {"model": "accounts.affiliation", "pk": "7d927fcc-23c6-4c27-acbe-cb0cff4457e8", "fields": {"name": "Science and Innovation with Neutrons in Europe"}}, {"model": "accounts.affiliation", "pk": "7dd05502-c5a4-452a-b5be-98dcae028b74", "fields": {"name": "EATRIS"}}, {"model": "accounts.affiliation", "pk": "7df3b784-2925-47f2-ae54-5744f8f68615", "fields": {"name": "Musical Instrument Museums Online (MIMO)"}}, {"model": "accounts.affiliation", "pk": "7e64e3a6-8106-44b9-9c75-0a8bdb6cec4e", "fields": {"name": "MINAM"}}, {"model": "accounts.affiliation", "pk": "7eee166b-e1ab-409f-a376-dca9a7db9e6b", "fields": {"name": "Open Planets Foundation"}}, {"model": "accounts.affiliation", "pk": "7f7e727a-75a4-4c50-8cca-e9ce142f7c77", "fields": {"name": "European Research Vessels Operators (ERVO)"}}, {"model": "accounts.affiliation", "pk": "7fb290d9-9d6a-4716-9b51-6018c6c5f092", "fields": {"name": "WW-NMR"}}, {"model": "accounts.affiliation", "pk": "7fc0b1fd-e8a9-4ba2-9285-3ecaaac89d7b", "fields": {"name": "TClouds - Trustworthy Clouds Privacy and Resilience for Internet-scale Critical Infrastructure"}}, {"model": "accounts.affiliation", "pk": "7ff8ce87-8dad-448b-b5a0-e3b6f686c138", "fields": {"name": "Towards an Alliance of European Research Fleets (EUROFLEETS)"}}, {"model": "accounts.affiliation", "pk": "814527b8-2863-4c08-961e-e553d29acae0", "fields": {"name": "Research infrastructures for the control of insect vector-borne diseases"}}, {"model": "accounts.affiliation", "pk": "815255ee-76c2-4bd9-9a6e-b331dce81813", "fields": {"name": "EU-OPENSCREEN"}}, {"model": "accounts.affiliation", "pk": "83231c23-b5d7-4517-8fa7-28d3a3e1dbc4", "fields": {"name": "International Association of Labour History Institutions (IALHI)"}}, {"model": "accounts.affiliation", "pk": "83c6bee9-9d32-4c48-b62d-347abae25343", "fields": {"name": "Data Centre Network"}}, {"model": "accounts.affiliation", "pk": "84ee3b4a-bdbd-4215-a890-79bdd84a0e06", "fields": {"name": "Large Binocular Telescope (LBT)"}}, {"model": "accounts.affiliation", "pk": "85cdbb4f-beb8-4c0f-9a90-d0d39d83f438", "fields": {"name": "CARARE"}}, {"model": "accounts.affiliation", "pk": "85d45923-4c2e-4489-8c10-8bf5014092f1", "fields": {"name": "Finnish BioImaging Network"}}, {"model": "accounts.affiliation", "pk": "8641cec9-dc4d-40b8-8e45-67ec96ce5359", "fields": {"name": "ILTER (International Long Term Ecological Research)"}}, {"model": "accounts.affiliation", "pk": "865b04e2-32b4-4101-93aa-96c2079ceed3", "fields": {"name": "ASSEMBLE"}}, {"model": "accounts.affiliation", "pk": "86969509-7329-4308-a55d-710ed957d155", "fields": {"name": "Public Population Project in Genomics and Society (P\u00b3G)"}}, {"model": "accounts.affiliation", "pk": "86c0df87-e8d8-4e85-b787-7bf9f5fca277", "fields": {"name": "LTER-Europe"}}, {"model": "accounts.affiliation", "pk": "87a48772-4e70-4a76-bfab-fe503058b2a6", "fields": {"name": "GOOS"}}, {"model": "accounts.affiliation", "pk": "8926bf88-b6b5-4c19-aa6a-b2b82e48e27e", "fields": {"name": "Low Voltage Agreement Group (LOVAG)"}}, {"model": "accounts.affiliation", "pk": "8a66571f-49c3-4cd8-a815-6b3018a1e566", "fields": {"name": "GALION"}}, {"model": "accounts.affiliation", "pk": "8b1f601c-cbe6-421a-add8-ab778b31f4dc", "fields": {"name": "CNEF"}}, {"model": "accounts.affiliation", "pk": "8b961f35-26f9-47d2-a07c-503a1292e785", "fields": {"name": "Towards a joint European research infrastructure network for coastal observatories (Jerico)"}}, {"model": "accounts.affiliation", "pk": "8b999cd8-73eb-4bb3-bfe3-00dd83d75bd3", "fields": {"name": "Entreprise Europe Network"}}, {"model": "accounts.affiliation", "pk": "8cd7dea8-ad87-41d9-a32f-18c99df71e94", "fields": {"name": "ANAEE"}}, {"model": "accounts.affiliation", "pk": "8d57b106-cdb3-4c16-aab6-18b859d4ba8f", "fields": {"name": "EDENext"}}, {"model": "accounts.affiliation", "pk": "8d755ebf-856a-432c-bdf7-19d788aa01df", "fields": {"name": "PATrimoines mat\u00e9riels : R\u00e9seau d'Instrumentation Multisites Equipex (PATRIMEX)"}}, {"model": "accounts.affiliation", "pk": "8e0de181-43e7-469b-aaa8-2f623195d917", "fields": {"name": "H2FC"}}, {"model": "accounts.affiliation", "pk": "8e6e083b-7819-4fed-af40-b1d69b3be449", "fields": {"name": "International programme of biodiversity science (DIVERSITAS)"}}, {"model": "accounts.affiliation", "pk": "8e88f2da-a099-4c7c-858e-561c7d3d43b6", "fields": {"name": "Meson Physics in Low-Energy QCD (MesonNet)"}}, {"model": "accounts.affiliation", "pk": "8ece7e53-4b20-40a9-a0f4-edc1b0cd0b7b", "fields": {"name": "Open Access Infrastructure for Research in Europe (OpenAIRE)"}}, {"model": "accounts.affiliation", "pk": "8f73fc28-0eea-4992-93b6-62bddb3167b9", "fields": {"name": "European Aquaculture Technology and Innovation Platform (EATIP)"}}, {"model": "accounts.affiliation", "pk": "8fdf929b-669e-4c88-b91c-7a04cba79e54", "fields": {"name": "SeaDataNet"}}, {"model": "accounts.affiliation", "pk": "8fea9a58-1018-4dd2-b33b-e717d5bfb660", "fields": {"name": "Animal Health and Welfare ERA-Net (ANIHWA)"}}, {"model": "accounts.affiliation", "pk": "904e4225-0394-47e4-b820-d541d7021551", "fields": {"name": "Botanic Gardens Consortium International"}}, {"model": "accounts.affiliation", "pk": "908fa3c6-14d5-427c-a221-d32a41573a4b", "fields": {"name": "European Labour History Network (ELHN)"}}, {"model": "accounts.affiliation", "pk": "90d771fe-0124-47a4-80bd-daf7b9db0525", "fields": {"name": "International Mouse Strain Resources (IMSR)"}}, {"model": "accounts.affiliation", "pk": "913e7940-05c2-42b8-b779-932e3eac47e2", "fields": {"name": "International Society for Atmospheric Research using Remotely Piloted Aircraft"}}, {"model": "accounts.affiliation", "pk": "92193254-9038-4943-ad05-6fe62b83395b", "fields": {"name": "SATA"}}, {"model": "accounts.affiliation", "pk": "937f00ef-280a-41e1-ba2a-e95838b10f96", "fields": {"name": "EAST-NMR"}}, {"model": "accounts.affiliation", "pk": "93a10bbc-7259-47c7-b835-3796a200f7a1", "fields": {"name": "AErosol Robotic NETwork (AERONET)"}}, {"model": "accounts.affiliation", "pk": "93d62d64-02e2-4582-822a-e6bea8372ec7", "fields": {"name": "Alianza por la Investigaci\u00f3n y la Innovaci\u00f3n Energ\u00e9ticas (ALINNE)"}}, {"model": "accounts.affiliation", "pk": "94ad19db-b018-4593-8be9-3f229a8069a5", "fields": {"name": "Council of Managers of National Antarctic Programs (COMNAP)"}}, {"model": "accounts.affiliation", "pk": "955764b2-cd7f-4fc0-bc69-04acbc1f0657", "fields": {"name": "Meters & More"}}, {"model": "accounts.affiliation", "pk": "957b8d3e-835a-4659-8641-23aad511bb68", "fields": {"name": "EUVAS"}}, {"model": "accounts.affiliation", "pk": "958e2ffd-9af3-4bd3-aaf5-f659ccd9f791", "fields": {"name": "European Network of Marine Research Institutes and Stations (MARS)"}}, {"model": "accounts.affiliation", "pk": "96117386-a0cb-4483-8ded-e4201e4c2de7", "fields": {"name": "Experimentation in Ecosystem Research (ExpeER)"}}, {"model": "accounts.affiliation", "pk": "963e4867-1db4-44d5-9984-29884679d7e2", "fields": {"name": "European Nuclear Science and Applications Research (ENSAR)"}}, {"model": "accounts.affiliation", "pk": "96b0d6e6-7108-453c-800e-880d4bcc2e36", "fields": {"name": "Cohort & Longitudinal Studies Enhancement Resources"}}, {"model": "accounts.affiliation", "pk": "97897106-cea6-447e-b4b7-d920c3a369ff", "fields": {"name": "Research Data Alliance"}}, {"model": "accounts.affiliation", "pk": "98030251-7c70-4554-a1d6-d70af02c0f34", "fields": {"name": "Digital Services Infrastructure for Social Sciences and Humanities (DASISH)"}}, {"model": "accounts.affiliation", "pk": "98263d7f-e702-4879-a025-13ffbc68999c", "fields": {"name": "APPA Marina"}}, {"model": "accounts.affiliation", "pk": "99c6831a-23ae-4b2f-91a4-9feb47d94998", "fields": {"name": "ISN"}}, {"model": "accounts.affiliation", "pk": "99ee8541-7aa4-466a-bdb7-0d678936c1c0", "fields": {"name": "INSTRUCT"}}, {"model": "accounts.affiliation", "pk": "9a635c8b-b0e2-49f9-be41-411d4c9b3d46", "fields": {"name": "European Cancer Organisation (ECCO)"}}, {"model": "accounts.affiliation", "pk": "9b39127e-1560-4177-8c11-88fe2e26857f", "fields": {"name": "SatNav Network"}}, {"model": "accounts.affiliation", "pk": "9cd309df-7b30-4cdf-81d2-c1e365c81158", "fields": {"name": "CoPoRI"}}, {"model": "accounts.affiliation", "pk": "9cf90278-4faf-4a3a-9a2e-883f31dc1aa3", "fields": {"name": "FUSENET"}}, {"model": "accounts.affiliation", "pk": "9d99b750-7d03-4755-a892-0d467027212a", "fields": {"name": "European Windtunnel Association"}}, {"model": "accounts.affiliation", "pk": "9d9f3304-92b1-4feb-b714-bf4a4d507067", "fields": {"name": "Advancing 3Rs and International Standards in Biological and Biomedical Research (EUPRIM-Net)"}}, {"model": "accounts.affiliation", "pk": "9dcaa85a-4c00-45a4-b567-d7d92ac49f77", "fields": {"name": "European Plant Phenotyping Network (EPPN)"}}, {"model": "accounts.affiliation", "pk": "9e2e9bce-42ee-499e-b6c7-33aa419cf28f", "fields": {"name": "Federation of European Neurosciences (FENS)"}}, {"model": "accounts.affiliation", "pk": "9f1ae98d-803a-4154-a206-8df04aa756f1", "fields": {"name": "ITACA - Innovation Technologies and Applications for Coastal Archaeological sites"}}, {"model": "accounts.affiliation", "pk": "a03dc9d2-8e8d-463d-82b3-e6e0a8e8db53", "fields": {"name": "International Council on Archives (ICA)"}}, {"model": "accounts.affiliation", "pk": "a07da961-6fbf-4f4c-bb92-b0b6a40280cd", "fields": {"name": "ESHE"}}, {"model": "accounts.affiliation", "pk": "a0c8b326-e8ad-4064-8be1-0f13a389ee80", "fields": {"name": "European Life Sciences Infrastructure For Biological Information"}}, {"model": "accounts.affiliation", "pk": "a14c634a-0eda-43be-969c-ebe25759a5dc", "fields": {"name": "Human Proteome Project (HUPO)"}}, {"model": "accounts.affiliation", "pk": "a1d6736b-8b4a-4f36-8e52-743da2f9ff19", "fields": {"name": "KARYON - Kernel-Based ARchitecture for safetY-critical cONtrol"}}, {"model": "accounts.affiliation", "pk": "a21ab5d0-11a4-41bd-8be7-86e7771e5d47", "fields": {"name": "ECRIN"}}, {"model": "accounts.affiliation", "pk": "a33873d4-693d-4be2-887a-5c6bcac80998", "fields": {"name": "COMMIT"}}, {"model": "accounts.affiliation", "pk": "a38537c5-aaea-46d8-ac81-0f26cd31b22b", "fields": {"name": "ANAEE-Services"}}, {"model": "accounts.affiliation", "pk": "a3b310f8-cd0b-4e8c-8a75-0ca8f86ea603", "fields": {"name": "RadioNet"}}, {"model": "accounts.affiliation", "pk": "a3c6ddef-0d78-48cc-a046-5fa62c770e14", "fields": {"name": "AAA African Archeologists Association"}}, {"model": "accounts.affiliation", "pk": "a4da44dd-2b55-4f41-81d3-ed4f5155c3a6", "fields": {"name": "Global Lake Ecology Observatory Network (GLEON)"}}, {"model": "accounts.affiliation", "pk": "a56f5661-955b-489e-8d87-b340113ba8b2", "fields": {"name": "SCOLMA - Standard Conference on Library Materials on Africa"}}, {"model": "accounts.affiliation", "pk": "a58c5182-5a7b-44d6-96a2-ba37fa4bce61", "fields": {"name": "COPERNICUS"}}, {"model": "accounts.affiliation", "pk": "a6442c84-3a21-4882-bdea-44dd3ba200e9", "fields": {"name": "EPOS"}}, {"model": "accounts.affiliation", "pk": "a6f18863-630b-4306-972d-a980f6e7d393", "fields": {"name": "International Towing Tank Conference (ITTC)"}}, {"model": "accounts.affiliation", "pk": "a7bc474f-687c-497d-94df-2298dd090e00", "fields": {"name": "CALIPSO"}}, {"model": "accounts.affiliation", "pk": "a7cab63b-1c09-463a-b93e-a0b94d136b94", "fields": {"name": "Ice Age Europe"}}, {"model": "accounts.affiliation", "pk": "a7f56833-a787-470f-94dd-ad99efe133b2", "fields": {"name": "HYCON2"}}, {"model": "accounts.affiliation", "pk": "a8a35b3d-00d5-4548-ac24-09290b070b7f", "fields": {"name": "Network of Aquaculture Centres in Central-Eastern Europe (NACEE)"}}, {"model": "accounts.affiliation", "pk": "aac006c5-936e-4f27-980d-8c25e1daac2c", "fields": {"name": "Society for Tropical Ecology"}}, {"model": "accounts.affiliation", "pk": "aba2e8d9-203f-43cf-a02c-c0458b2cc450", "fields": {"name": "EVICTS"}}, {"model": "accounts.affiliation", "pk": "abcda47b-64e9-4cd3-b0bd-b5d4afad5356", "fields": {"name": "African Studies in Europe (AEGIS)"}}, {"model": "accounts.affiliation", "pk": "ace31c09-98b3-4647-a65d-f1346ebc7b0f", "fields": {"name": "Human Brain Project - International Consortium on Brain Imaging (HBP)"}}, {"model": "accounts.affiliation", "pk": "ad44bb0d-e9a9-44ba-930b-1f18523a5481", "fields": {"name": "Seprise"}}, {"model": "accounts.affiliation", "pk": "ad6129d4-1d5a-4a14-b404-09f3730d06ad", "fields": {"name": "Ledith"}}, {"model": "accounts.affiliation", "pk": "adbe8cd0-157d-4dd4-9597-256459c3a44d", "fields": {"name": "ICSTI - The International Council for Scientific and Technical Information"}}, {"model": "accounts.affiliation", "pk": "ae07cf04-0053-4cec-aaf1-6f1deffcc028", "fields": {"name": "Comit\u00e9 Polar Espa\u00f1ol (CPE)"}}, {"model": "accounts.affiliation", "pk": "af469b21-67d8-4474-866d-a25037030947", "fields": {"name": "Wigner Femtosecond Laser Laboratory"}}, {"model": "accounts.affiliation", "pk": "af60f219-aa46-4c47-80d9-78677e0d2d1e", "fields": {"name": "ISBE"}}, {"model": "accounts.affiliation", "pk": "aff30460-38dd-420d-9a3f-f9b8343b5806", "fields": {"name": "EURATOM"}}, {"model": "accounts.affiliation", "pk": "b0b3b313-f842-47bf-a49a-51caefdee5d0", "fields": {"name": "Transnational Access to MAMI (MAMI)"}}, {"model": "accounts.affiliation", "pk": "b0b9daa0-09d0-4d3a-a25f-530c91d2e147", "fields": {"name": "EUROPLANET RI"}}, {"model": "accounts.affiliation", "pk": "b0d349e1-80c7-4d72-af7e-6f5257d66ef7", "fields": {"name": "Nuclear Physics Network (NuPNET)"}}, {"model": "accounts.affiliation", "pk": "b2715127-2e60-4cde-84de-fee36cf96f69", "fields": {"name": "OPTICON"}}, {"model": "accounts.affiliation", "pk": "b4180fe8-51ab-4d14-8b0b-6da118481dae", "fields": {"name": "Bio-NMR"}}, {"model": "accounts.affiliation", "pk": "b4353665-e124-4056-86c4-5e7e78330e66", "fields": {"name": "World Data System (WDS)"}}, {"model": "accounts.affiliation", "pk": "b50cc151-ae31-40da-aaff-9a737525ded6", "fields": {"name": "European Aerosol Research Lidar Network (EARLINET)"}}, {"model": "accounts.affiliation", "pk": "b719be3b-5ec9-4df3-8dea-c3110c836139", "fields": {"name": "PRIME (PoweRline Intelligent Metering Evolution) Alliance"}}, {"model": "accounts.affiliation", "pk": "b7c285e1-beba-4532-b707-b3bcf5baa55b", "fields": {"name": "GCOS"}}, {"model": "accounts.affiliation", "pk": "ba1c633f-133f-40a0-9e18-db2c66e71fbe", "fields": {"name": "DNFS"}}, {"model": "accounts.affiliation", "pk": "bce127b5-8f24-4446-ac89-fefbae975b44", "fields": {"name": "ESGI"}}, {"model": "accounts.affiliation", "pk": "bcf57927-de32-4f02-b691-596d86e63945", "fields": {"name": "Nordic Nanolab Network"}}, {"model": "accounts.affiliation", "pk": "bfba8a95-e881-4ef5-81c9-81e8ea79e42b", "fields": {"name": "Resource Network Supporting Academic Chemical Biology Research"}}, {"model": "accounts.affiliation", "pk": "c021200e-c74f-4ace-b9ef-8fc76aac6388", "fields": {"name": "Global Alliance for Zika Virus Control and Prevention"}}, {"model": "accounts.affiliation", "pk": "c07724c1-54d8-4aa4-865d-a05035d03f7b", "fields": {"name": "ProteoRed"}}, {"model": "accounts.affiliation", "pk": "c18d8d15-5fdb-4ffb-89ac-c1660b9adcdc", "fields": {"name": "Stations at High Altitude for Research on the Environment (SHARE)"}}, {"model": "accounts.affiliation", "pk": "c199912d-8781-4d07-824a-6e80cb3640f8", "fields": {"name": "Biomass Research Infrastructure for Sharing Knowledge (BRISK)"}}, {"model": "accounts.affiliation", "pk": "c1f4d39c-5562-487e-a0c8-7dc96b770c8f", "fields": {"name": "Virtual Atomic and Molecular Data Center (VAMDC)"}}, {"model": "accounts.affiliation", "pk": "c23f0465-1105-4ccf-b58b-159e79179071", "fields": {"name": "WeNMR"}}, {"model": "accounts.affiliation", "pk": "c29373dc-b236-4330-9ef4-1b3afe7d031a", "fields": {"name": "Veterinary Biocontained facility Network for excellence in animal infectious disease research and experimentation"}}, {"model": "accounts.affiliation", "pk": "c2ad66c7-95f8-41a2-8dc9-539412b2a0e6", "fields": {"name": "LARVANET"}}, {"model": "accounts.affiliation", "pk": "c324c8c9-4de5-421d-8c55-70ef9159e531", "fields": {"name": "European Federation for Primatology (EFP)"}}, {"model": "accounts.affiliation", "pk": "c34c8121-0775-4855-87b4-cbf8e4de1de8", "fields": {"name": "European Light Microscopy Initiative (ELMI)"}}, {"model": "accounts.affiliation", "pk": "c37288ba-8c8b-428d-8f24-242e8fd17522", "fields": {"name": "BioStruct-X"}}, {"model": "accounts.affiliation", "pk": "c47068a3-0468-4014-badb-82803114b0dc", "fields": {"name": "Austrian Centre for Scientific Comuting (ACSC)"}}, {"model": "accounts.affiliation", "pk": "c482246e-0226-4343-9b6a-0cd634b90d57", "fields": {"name": "European Technology Platform for High Performance Computing (ETP4HPC)"}}, {"model": "accounts.affiliation", "pk": "c4914fac-264b-4c0e-98a1-d38256ad088a", "fields": {"name": "INFRAFRONTIER"}}, {"model": "accounts.affiliation", "pk": "c4c2da9c-f37e-4b51-bf16-163ea12f8678", "fields": {"name": "TI Pharma"}}, {"model": "accounts.affiliation", "pk": "c67fc867-1423-43f7-8250-89f9903118fc", "fields": {"name": "Integrated Carbon Observation System (ICOS)"}}, {"model": "accounts.affiliation", "pk": "c6ab51a7-4165-4bbc-80e7-1ddaea993fa9", "fields": {"name": "German African Studies Association"}}, {"model": "accounts.affiliation", "pk": "c7738aff-b037-4aa5-948e-489aba20fec0", "fields": {"name": "International Ocean Drilling Program (IODP)"}}, {"model": "accounts.affiliation", "pk": "c79244f2-f8de-40d4-804f-441b441a40b1", "fields": {"name": "HLD"}}, {"model": "accounts.affiliation", "pk": "c8d8a5b4-964e-4b1d-9baf-025420abcefa", "fields": {"name": "Mediterranean Operational Network for the Global Ocean Observing System"}}, {"model": "accounts.affiliation", "pk": "c91bc8df-86a2-48ed-b140-13c170e5c374", "fields": {"name": "WorldWide LHC Computing Grid (wLCG)"}}, {"model": "accounts.affiliation", "pk": "c9402c55-0642-404f-bf00-6e8f3bd5113d", "fields": {"name": "LUNAS"}}, {"model": "accounts.affiliation", "pk": "cb1cb86b-94e9-4707-ab27-a53dfa253294", "fields": {"name": "RS2E"}}, {"model": "accounts.affiliation", "pk": "cc5b4396-bdba-44c8-8479-731a5ad9402b", "fields": {"name": "ASTRONET"}}, {"model": "accounts.affiliation", "pk": "cc7fb362-1229-4809-9c88-203181cf185a", "fields": {"name": "ERINHA"}}, {"model": "accounts.affiliation", "pk": "cc9a66e9-e494-4b7e-a28a-ff39ef9feae6", "fields": {"name": "MARINET"}}, {"model": "accounts.affiliation", "pk": "cd2fdce2-7a96-46ee-9df3-80d54708c2a1", "fields": {"name": "BioMedBridges"}}, {"model": "accounts.affiliation", "pk": "cd7b3a8b-3f2c-4c14-8de7-5b10af02f693", "fields": {"name": "PATENT DfMM"}}, {"model": "accounts.affiliation", "pk": "ceda0714-4eb5-45e9-868f-03dab9d46a2b", "fields": {"name": "Seismology"}}, {"model": "accounts.affiliation", "pk": "cf24ab70-81e8-4442-ab43-ca75ab7b4021", "fields": {"name": "International Federation of Data Organizations"}}, {"model": "accounts.affiliation", "pk": "cf52d235-783a-4a2a-9f39-5d1fa498b60c", "fields": {"name": "Humanist"}}, {"model": "accounts.affiliation", "pk": "cf637265-aa60-41f0-b7b4-adbe25f84a3c", "fields": {"name": "EMFL"}}, {"model": "accounts.affiliation", "pk": "cfaa538d-85ca-46c8-bd2d-a7a11d4d87c8", "fields": {"name": "Microbial Resources Research Infrastructure (MIRRI)"}}, {"model": "accounts.affiliation", "pk": "d11c0af9-ee4b-4a2d-bd82-3c351b0c9de8", "fields": {"name": "National Genome Research Network (NGFN)"}}, {"model": "accounts.affiliation", "pk": "d16993f3-6164-4cfa-9ffc-8e9af3a8d36c", "fields": {"name": "New operational steps towards an alliance of European research fleets (EUROFLEETS2)"}}, {"model": "accounts.affiliation", "pk": "d230c2b7-103c-4434-abfa-73e3a463b880", "fields": {"name": "Protein Production and Purification Platforms in Europe (P4EU)"}}, {"model": "accounts.affiliation", "pk": "d3123a3d-8b6d-4b99-b050-1db1ce3e8f60", "fields": {"name": "SINE2020"}}, {"model": "accounts.affiliation", "pk": "d3260480-e72a-44d5-ae97-eb91425461af", "fields": {"name": "Organisation of European Cancer Institutes (OECI)"}}, {"model": "accounts.affiliation", "pk": "d3523242-7a47-4ea5-8bef-62eaa538e951", "fields": {"name": "Zoonoses Anticipation and Preparedness Initiative"}}, {"model": "accounts.affiliation", "pk": "d4c3529b-6c7b-453c-87b2-e43514c9fc83", "fields": {"name": "Network of Spanish Marine ICTS (Red de ICTS Marinas)"}}, {"model": "accounts.affiliation", "pk": "d519f41c-c079-4fad-b4d1-2f081175c47b", "fields": {"name": "Labex IRON"}}, {"model": "accounts.affiliation", "pk": "d5ae47dd-c34c-4f77-8011-76a969ae7d8d", "fields": {"name": "BIOBANQUES"}}, {"model": "accounts.affiliation", "pk": "d5ba0e16-4a24-47a3-bd21-af53b7675574", "fields": {"name": "EUMEDCONNECT"}}, {"model": "accounts.affiliation", "pk": "d5ec853f-1bcc-4c45-84dd-ae7fa4fd4a23", "fields": {"name": "SofComp Consortium"}}, {"model": "accounts.affiliation", "pk": "d61a0cf0-9c2d-493b-a5f4-42e4ef34e0a9", "fields": {"name": "Global Earth Observation System of Systems (GEOSS)"}}, {"model": "accounts.affiliation", "pk": "d7622bd1-4829-4f4d-8d77-96da12302a72", "fields": {"name": "European Data Infrastructure (EUDAT)"}}, {"model": "accounts.affiliation", "pk": "d7953c92-662e-4b8e-b9d2-2619995ee760", "fields": {"name": "Biological Alert Laboratories Network, Spain (RELAB)"}}, {"model": "accounts.affiliation", "pk": "d7ce1957-b477-4046-baea-10f57ea3bd14", "fields": {"name": "European Monitoring Agency for Drugs and Drug Addition (EMCDDA)"}}, {"model": "accounts.affiliation", "pk": "d8ad9b05-eddb-4583-8d59-98498a30f88b", "fields": {"name": "BBIB Berlin-Brandenburg Institute of Advanced Biodiversity Research"}}, {"model": "accounts.affiliation", "pk": "d90e9fef-953c-4815-b76f-cb2f42f7aee2", "fields": {"name": "Global Biodiversity Information Facility (GBIF)"}}, {"model": "accounts.affiliation", "pk": "d98963f9-f20f-4da6-ae7d-e5850b6ffaea", "fields": {"name": "ILT"}}, {"model": "accounts.affiliation", "pk": "da11a089-d3cd-47a8-88e8-9bac2da7ff21", "fields": {"name": "EUROCHAMP-2020"}}, {"model": "accounts.affiliation", "pk": "da507b25-1828-45b1-b8c2-f1e0edd3003b", "fields": {"name": "European Facility for Airborne Research (EUFAR)"}}, {"model": "accounts.affiliation", "pk": "da9b4572-da59-4e38-8418-c4953c0c8db9", "fields": {"name": "Association of International Research and Development Centers for Agriculture"}}, {"model": "accounts.affiliation", "pk": "db2315ba-a449-4da5-b35b-6ded008952a4", "fields": {"name": "SEMACA"}}, {"model": "accounts.affiliation", "pk": "db27b1c5-5eda-4cf6-95ad-48894cf55b10", "fields": {"name": "TREES4FUTURE"}}, {"model": "accounts.affiliation", "pk": "dc560c44-17aa-4e60-a7a3-c210cf155e30", "fields": {"name": "European Librarians in African Studies (ELIAS)"}}, {"model": "accounts.affiliation", "pk": "dc71a657-6bb7-4d74-b06d-3711be7b410e", "fields": {"name": "Science Link"}}, {"model": "accounts.affiliation", "pk": "dc7d8d44-f67e-4b40-bd29-3868271b9c42", "fields": {"name": "Lasers for Applications at Accelerator facilities for ion beam generation, acceleration and diagnostics"}}, {"model": "accounts.affiliation", "pk": "dca4567a-c1d6-4ca2-866a-5d903a10a609", "fields": {"name": "ASEM"}}, {"model": "accounts.affiliation", "pk": "dcd319e2-a592-404d-a015-414c9d7a674d", "fields": {"name": "APARSEN"}}, {"model": "accounts.affiliation", "pk": "ddbd475f-c775-48c4-82d9-de9fbcff165c", "fields": {"name": "BBMRI"}}, {"model": "accounts.affiliation", "pk": "ddc05785-2986-4b8e-9a76-b30b5264b801", "fields": {"name": "SecFuNet - Security for Future Networks"}}, {"model": "accounts.affiliation", "pk": "ddcce68e-51e0-4c44-ad9f-ad86d0c0ecd0", "fields": {"name": "Census Data Open Linked (CEDAR)"}}, {"model": "accounts.affiliation", "pk": "deb2194a-74ce-41ed-8713-0a20f0082107", "fields": {"name": "Cultural Heritage Advanced Research Infrastructures (CHARISMA)"}}, {"model": "accounts.affiliation", "pk": "df269c9a-c517-469d-98f5-db74aa427643", "fields": {"name": "Network Satellite Navigation Berchtesgadener Land"}}, {"model": "accounts.affiliation", "pk": "df5aee8a-676d-457b-a7d5-acf5790d82c6", "fields": {"name": "EPIZONE European Research Group (ERG)"}}, {"model": "accounts.affiliation", "pk": "df7307c5-46a7-4ce7-a619-586a2709da5b", "fields": {"name": "European Molecular Biology Network (EMBnet)"}}, {"model": "accounts.affiliation", "pk": "e0566d17-6eb2-47a0-b4a3-842622c0eaf7", "fields": {"name": "SuperMAG"}}, {"model": "accounts.affiliation", "pk": "e20cd45e-415d-4cf1-8e24-5a56d7c9659f", "fields": {"name": "ICOM- International Council of Museums"}}, {"model": "accounts.affiliation", "pk": "e4603f9b-b58c-446b-acb3-c7d83bc1b3db", "fields": {"name": "ELIXIR"}}, {"model": "accounts.affiliation", "pk": "e4642b19-4dfd-4ab9-884b-ebe1d96425b1", "fields": {"name": "Biodiversity Research Network (ALTER-Net)"}}, {"model": "accounts.affiliation", "pk": "e4a48a82-465f-41bc-b51e-9bee4ea64d23", "fields": {"name": "Collections Policy Board (CPB)"}}, {"model": "accounts.affiliation", "pk": "e5bd57b6-5950-4813-8965-a2c55e2b425c", "fields": {"name": "IUCN-SSC Primate Specialist Group"}}, {"model": "accounts.affiliation", "pk": "e6a76ca4-3d14-4b2c-b7e6-2e76901f20ad", "fields": {"name": "EURNEX"}}, {"model": "accounts.affiliation", "pk": "e6c5935e-0991-43cf-9e60-63b34c1a4ec3", "fields": {"name": "SKA - Square Kilometer Array"}}, {"model": "accounts.affiliation", "pk": "e7e8e119-fa95-4d1a-b166-7b2345142be6", "fields": {"name": "INfraStructure in Proton International REsearch"}}, {"model": "accounts.affiliation", "pk": "e96fb559-9214-4228-91f5-7133b97d2a05", "fields": {"name": "Chimioth\u00e8que Nationale Fran\u00e7aise"}}, {"model": "accounts.affiliation", "pk": "e9f57d85-432a-47d7-816f-2b3500018714", "fields": {"name": "ScanDiaSyn"}}, {"model": "accounts.affiliation", "pk": "ea73d669-7ea7-4322-9ceb-866f1c31f32b", "fields": {"name": "CLOUDNET"}}, {"model": "accounts.affiliation", "pk": "eab4f027-9549-42d5-8224-4e7212621ceb", "fields": {"name": "Genomics Research Network"}}, {"model": "accounts.affiliation", "pk": "eb4c6806-ad13-4449-8b31-f486f7cc81e3", "fields": {"name": "ICOS"}}, {"model": "accounts.affiliation", "pk": "ec276ef3-ee31-4b75-9656-9dc65e96c228", "fields": {"name": "International Virtual Observatory"}}, {"model": "accounts.affiliation", "pk": "ec9d4463-66f4-4fa0-a497-64d1628e64ad", "fields": {"name": "C-ERIC"}}, {"model": "accounts.affiliation", "pk": "ed4ecf9e-3194-46e8-bc84-d188c17787e7", "fields": {"name": "Rachel Carson Center"}}, {"model": "accounts.affiliation", "pk": "edbb4540-1eb6-4ec2-a285-ca99bb43fce7", "fields": {"name": "International Network for Terrestrial Research and Monitoring in the Arctic (INTERACT)"}}, {"model": "accounts.affiliation", "pk": "ee06a9f9-e60f-4716-816b-be42c79cd14b", "fields": {"name": "Consortium for the Barcode of Life"}}, {"model": "accounts.affiliation", "pk": "ee1b85dc-86df-4b8b-bd34-e2f759ee4a57", "fields": {"name": "E-RIHS"}}, {"model": "accounts.affiliation", "pk": "ef9170c9-ed48-490b-a7e4-7f8adb1011ac", "fields": {"name": "European VLBI Network (EVN)"}}, {"model": "accounts.affiliation", "pk": "efddc19c-a7a7-4c15-8811-108c1a111c25", "fields": {"name": "Academic Careers Understood through MEasurement and Norms (ACUMEN)"}}, {"model": "accounts.affiliation", "pk": "f0c3f728-7ebc-410a-abde-6c6d9584ac9d", "fields": {"name": "RED LAB de la Comunidad de Madrid"}}, {"model": "accounts.affiliation", "pk": "f12cb5ce-56d5-427a-bd64-de6dc732ddca", "fields": {"name": "ICTS"}}, {"model": "accounts.affiliation", "pk": "f18f1705-b170-4419-b477-e2ab49fea981", "fields": {"name": "High-Intensity Extreme-Wavelength Ultrafast Lasers"}}, {"model": "accounts.affiliation", "pk": "f234c638-dd85-4437-8ae5-961ea37d9838", "fields": {"name": "EIROforum"}}, {"model": "accounts.affiliation", "pk": "f28bb2bb-6549-49f0-ab52-89109c06412d", "fields": {"name": "Nordic Microscopy Society (SCANDEM)"}}, {"model": "accounts.affiliation", "pk": "f4e809f9-9968-4a44-a145-872cd0dd58bb", "fields": {"name": "International Society for Biological and Environmental Repositories (ISBER)"}}, {"model": "accounts.affiliation", "pk": "f61c512e-ff4f-43dd-860f-d20c93ee4c1b", "fields": {"name": "E-FAST"}}, {"model": "accounts.affiliation", "pk": "f6637b41-e321-4a36-a42a-520cc8f67902", "fields": {"name": "ESWIRP"}}, {"model": "accounts.affiliation", "pk": "f7afd72b-93d0-4690-b3af-30b69116193d", "fields": {"name": "European Culture Collections' Organisation (ECCO)"}}, {"model": "accounts.affiliation", "pk": "f8841ecb-c3a2-470e-a3cc-c8ccb31e0953", "fields": {"name": "HAIDA Network"}}, {"model": "accounts.affiliation", "pk": "f8947757-37e7-43e4-a20b-bf36230ea0b6", "fields": {"name": "GBIF Nodes Network"}}, {"model": "accounts.affiliation", "pk": "f8b063bb-b04a-4cca-b069-37780dbf346e", "fields": {"name": "AM-SPAN"}}, {"model": "accounts.affiliation", "pk": "f912a53d-f8a1-4424-b3a1-85ed4a511529", "fields": {"name": "Consortium of European Taxonomic Facilities (CETAF)"}}, {"model": "accounts.affiliation", "pk": "f92cb71b-b92b-4d62-94af-1e9e66dab961", "fields": {"name": "League of Accelerator based photon sources"}}, {"model": "accounts.affiliation", "pk": "faac9c4b-486c-4708-9a9d-b9737ac4540f", "fields": {"name": "Strange Particles in Hadronic Environment Research in Europe (SPHERE)"}}, {"model": "accounts.affiliation", "pk": "fbc328fc-cc9b-4fa9-81d4-9457ab4efc22", "fields": {"name": "AQUAMED"}}, {"model": "accounts.affiliation", "pk": "fe5824ff-19c6-46f9-82e3-cb3278d1a6d6", "fields": {"name": "Connecting Africa"}}, {"model": "accounts.affiliation", "pk": "ffc7fd57-7dfd-420e-95df-c5c4e0abbe4a", "fields": {"name": "EU-Life"}}, {"model": "accounts.esfridomain", "pk": "4b617c6d-0c85-4a5c-b1d1-49a9abc723f6", "fields": {"name": "Social & Cultural Innovation", "description": "Research Infrastructures that support research across and within the Social & Cultural Innovation domain are among the first known infrastructures: libraries, museums and archives are the most obvious examples of this legacy. In today\u2019s digital age, Research Infrastructures in the Social Sciences and Humanities (SSH) enhance research into the historical, social, economic, political and cultural contexts of the European Union, providing data and knowledge to support its strategies."}}, {"model": "accounts.esfridomain", "pk": "67365540-3863-4314-ad98-1026770cde4e", "fields": {"name": "Other", "description": " "}}, {"model": "accounts.esfridomain", "pk": "73a63b07-6a41-4d01-8ec5-a6cae283436e", "fields": {"name": "test", "description": null}}, {"model": "accounts.esfridomain", "pk": "7cfe6e8c-47ca-40ea-88c1-ef14b660be46", "fields": {"name": "Physical Sciences & Engineering", "description": "Research Infrastructures are integral part of the dayto-day activity of Physical Sciences & Engineering. Historically and today the PSE RIs are integrated in the way research is done in these disciplines, and major advances in knowledge are achieved by the research performed at RIs. However, the RIs are much more than research tools; they are truly Hubs of Knowledge & Innovation with a complete multidisciplinary approach and a systematic impact on many areas beyond Physical Sciences and Engineering."}}, {"model": "accounts.esfridomain", "pk": "8c3ca151-b0f7-4e20-a3c3-21ccb7ad21bf", "fields": {"name": "Energy", "description": "The energy sector is key to social and economic development. Especially in some non-OECD countries the energy sector sees very high growth rates due to rising GDP. However, it contributes significantly to global CO2 emissions. For the EU, the reduction of CO2 emissions in a sustainable framework is a major driver of its energy policy. This provides opportunities for new technologies both for application within and outside of the EU."}}, {"model": "accounts.esfridomain", "pk": "a57fc267-9282-4e79-90e4-4bf621949db1", "fields": {"name": "Health & Food", "description": "There is a broad consensus that future competitiveness in a globalised knowledge economy depends on research capability. Research Infrastructures (RIs) in the Biological, Agri-Food and Medical Sciences \u2013 i.e. Health & Food \u2013 continue to establish themselves as research, innovation and skills hubs and as a motor for economic impact. This is reflected in increasing levels of industrial access to RIs, and in their European and global positioning."}}, {"model": "accounts.esfridomain", "pk": "c7fcd889-9ec7-407c-8218-eb3fd39808bb", "fields": {"name": "Data, Computing and Digital Research Infrastructures", "description": "In research, as in all fields of society, Information and Communications Technology (ICT) has become a key enabling factor for progress. ICT is also changing the modus operandi of research by providing new possibilities for geographically distributed collaboration and sharing. Data-driven science, as well as more and more open access to data and scientific results, is transforming not only how research is conducted, but its overall reach."}}, {"model": "accounts.esfridomain", "pk": "c8a93f28-7429-47d9-b4b9-31edc7789fd2", "fields": {"name": "Environment", "description": "Environmental sciences are traditionally divided into four research and study domains: ATMOSPHERE, HYDROSPHERE, BIOSPHERE and GEOSPHERE. These different spheres are closely interlinked, and therefore environmental sciences can also be presented according to Grand Challenges, such as loss of biodiversity, pollution, depletion of natural resources, risks, hazards and climate change."}}, {"model": "accounts.esfritype", "pk": "5489a07c-8417-4a4c-96b1-9bb34e9e7908", "fields": {"name": "RI is an ESFRI project"}}, {"model": "accounts.esfritype", "pk": "608a6fe9-f078-429f-a02f-84aa359b32c5", "fields": {"name": "RI is a node of an ESFRI project"}}, {"model": "accounts.esfritype", "pk": "77e3bb75-3fd3-43b1-8a70-ec091446caa2", "fields": {"name": "test"}}, {"model": "accounts.esfritype", "pk": "81ab69f6-f069-4eef-9d6d-807cf2632520", "fields": {"name": "Not an ESFRI project or landmark"}}, {"model": "accounts.esfritype", "pk": "8dcaa44c-b3ca-4ea1-9200-bbb92f2b5dcc", "fields": {"name": "RI is an ESFRI landmark"}}, {"model": "accounts.esfritype", "pk": "9f021353-b5fb-442c-9656-778d4960646c", "fields": {"name": "Other"}}, {"model": "accounts.activity", "pk": "66ce47a9-b155-498c-81f8-057a691fe77a", "fields": {"name": "Other"}}, {"model": "accounts.activity", "pk": "68ea5423-b2ca-4240-a101-a69b08825cb3", "fields": {"name": "Basic research"}}, {"model": "accounts.activity", "pk": "6bf1b789-05e2-4481-b9ab-07631f999c0e", "fields": {"name": "te"}}, {"model": "accounts.activity", "pk": "d3f2f403-b6f1-4792-ab3f-fe8448bbb590", "fields": {"name": "Technological development"}}, {"model": "accounts.activity", "pk": "d6e0521a-ecfb-4974-afab-17630d57db0f", "fields": {"name": "Applied research"}}, {"model": "accounts.challenge", "pk": "12decd91-c12d-4563-8028-f3cfbb0276b4", "fields": {"name": "Climate action, environment, resource efficiency and raw materials"}}, {"model": "accounts.challenge", "pk": "1e31126f-c25c-417c-af86-91a6a2eacc82", "fields": {"name": "Other"}}, {"model": "accounts.challenge", "pk": "3995c66c-a0a6-458c-9d47-fca733236a93", "fields": {"name": "Secure, clean and efficient energy"}}, {"model": "accounts.challenge", "pk": "3a090360-f7a1-487c-833a-1f798382bfd0", "fields": {"name": "Europe in a changing world \u2013 inclusive, innovative and reflective societies"}}, {"model": "accounts.challenge", "pk": "3f3b4a0d-a9c5-4cd0-bd19-a7bdac1aa8c0", "fields": {"name": "Food security, sustainable agriculture and forestry, marine and maritime and inland water research, and the Bioeconomy"}}, {"model": "accounts.challenge", "pk": "55c4900b-fafe-4581-ad8c-fa3a4c95858f", "fields": {"name": "Secure societies \u2013 protecting freedom and security of Europe and its citizens"}}, {"model": "accounts.challenge", "pk": "78516d68-5623-4473-a44d-262052ee41b0", "fields": {"name": "Health, demographic change and wellbeing"}}, {"model": "accounts.challenge", "pk": "7b1b664a-51af-4596-b9cb-4607b96b46d9", "fields": {"name": "test"}}, {"model": "accounts.challenge", "pk": "c2b6003b-91fa-41f1-9d03-ff4eb5fb1502", "fields": {"name": "Smart, green and integrated transport"}}, {"model": "accounts.domain", "pk": "06b02ff3-16d9-4c9f-a078-37c366e4f15c", "fields": {"name": "Agricultural Sciences"}}, {"model": "accounts.domain", "pk": "5df3124a-b8af-44d3-9dbf-64f18022d8cd", "fields": {"name": "Natural Sciences"}}, {"model": "accounts.domain", "pk": "662ecbf6-f77f-4a8f-86ab-121a2f9f5a4f", "fields": {"name": "Interdisciplinary"}}, {"model": "accounts.domain", "pk": "68abe091-ec20-4050-8f5e-40a2c2526252", "fields": {"name": "Generic"}}, {"model": "accounts.domain", "pk": "81e63d47-85b2-422c-a5d4-ad33b803768b", "fields": {"name": "Medical & Health Sciences"}}, {"model": "accounts.domain", "pk": "844384cf-e7bf-4166-a233-d5020e483fe7", "fields": {"name": "Engineering & Technology"}}, {"model": "accounts.domain", "pk": "96823e1d-77fb-4aa6-80a3-8ffe317112c4", "fields": {"name": "Other"}}, {"model": "accounts.domain", "pk": "be4f9314-3da0-4271-af93-cd9b59fe53e2", "fields": {"name": "test"}}, {"model": "accounts.domain", "pk": "befdbe50-8122-49aa-9d53-07f8a31c84ab", "fields": {"name": "Social Sciences"}}, {"model": "accounts.domain", "pk": "e6f133ff-d47b-4586-a1d2-b401751ab3d3", "fields": {"name": "Humanities"}}, {"model": "accounts.merildomain", "pk": "1d0b8db9-88eb-46b9-b276-8c179d776c95", "fields": {"name": "Information Science & Technology"}}, {"model": "accounts.merildomain", "pk": "2afbdcd0-7a0e-4ac0-8ea8-518a6405ce58", "fields": {"name": "Chemistry and Material Sciences"}}, {"model": "accounts.merildomain", "pk": "2d2935e8-112b-43fe-9bed-5300da2760c3", "fields": {"name": "Physics, Astronomy, Astrophysics and Mathematics"}}, {"model": "accounts.merildomain", "pk": "6d28fbd2-d04c-42d7-99f5-092e722b75a6", "fields": {"name": "Engineering & Energy"}}, {"model": "accounts.merildomain", "pk": "70df3625-46f6-4ee9-976d-b9920af578d5", "fields": {"name": "Social Sciences"}}, {"model": "accounts.merildomain", "pk": "7d948370-00e3-4ba0-88e5-38211863fa80", "fields": {"name": "Earth and Environmental Sciences"}}, {"model": "accounts.merildomain", "pk": "88b2813a-4b54-4350-aeee-da8c6118d5f9", "fields": {"name": "Biological & Medical Sciences"}}, {"model": "accounts.merildomain", "pk": "c40ea294-73a0-4606-a05c-9635271fef72", "fields": {"name": "Other"}}, {"model": "accounts.merildomain", "pk": "ea1d4422-f391-46bb-b6e1-3765a4303f78", "fields": {"name": "Humanities & Arts"}}, {"model": "accounts.subdomain", "pk": "003605bd-5252-4258-8d45-6356667b66fa", "fields": {"domain": "844384cf-e7bf-4166-a233-d5020e483fe7", "name": "Electrical, electronic and information engineering"}}, {"model": "accounts.subdomain", "pk": "07d9ff9f-c639-4b4f-8918-dc2ce93a019c", "fields": {"domain": "befdbe50-8122-49aa-9d53-07f8a31c84ab", "name": "Economics and business"}}, {"model": "accounts.subdomain", "pk": "082da865-0c69-48d4-83c4-094a2cd65e43", "fields": {"domain": "5df3124a-b8af-44d3-9dbf-64f18022d8cd", "name": "Chemical sciences"}}, {"model": "accounts.subdomain", "pk": "0dd7c087-ce08-4567-8d3d-3457929cf758", "fields": {"domain": "befdbe50-8122-49aa-9d53-07f8a31c84ab", "name": "Other social sciences"}}, {"model": "accounts.subdomain", "pk": "109c8a27-ba5c-4692-aa14-e26150fa20e8", "fields": {"domain": "e6f133ff-d47b-4586-a1d2-b401751ab3d3", "name": "Other humanities"}}, {"model": "accounts.subdomain", "pk": "139fe4a8-f456-401a-9442-9760c12f9298", "fields": {"domain": "e6f133ff-d47b-4586-a1d2-b401751ab3d3", "name": "History and archaeology"}}, {"model": "accounts.subdomain", "pk": "26ef3ed0-15e3-49e9-ab57-5a8cf6a19639", "fields": {"domain": "06b02ff3-16d9-4c9f-a078-37c366e4f15c", "name": "Veterinary sciences"}}, {"model": "accounts.subdomain", "pk": "2831e229-a1ae-40a9-9915-a6448b48d337", "fields": {"domain": "844384cf-e7bf-4166-a233-d5020e483fe7", "name": "Other engineering and technology sciences"}}, {"model": "accounts.subdomain", "pk": "31abf908-8f06-4ab5-8e04-fb35cf9e41bf", "fields": {"domain": "68abe091-ec20-4050-8f5e-40a2c2526252", "name": "Generic"}}, {"model": "accounts.subdomain", "pk": "35dc8d76-a7fe-4728-b368-26322888325c", "fields": {"domain": "e6f133ff-d47b-4586-a1d2-b401751ab3d3", "name": "Languages and literature"}}, {"model": "accounts.subdomain", "pk": "3991313f-523a-474e-b693-bac3d9199539", "fields": {"domain": "844384cf-e7bf-4166-a233-d5020e483fe7", "name": "Medical engineering"}}, {"model": "accounts.subdomain", "pk": "39fb6be5-a178-426c-a3d6-8036f629b907", "fields": {"domain": "e6f133ff-d47b-4586-a1d2-b401751ab3d3", "name": "Arts"}}, {"model": "accounts.subdomain", "pk": "3a3abc8a-66d2-44a1-bbfb-3482c24c9a0e", "fields": {"domain": "befdbe50-8122-49aa-9d53-07f8a31c84ab", "name": "Media and communications"}}, {"model": "accounts.subdomain", "pk": "3ead21d6-f477-44d7-bc56-4173c84ea9a9", "fields": {"domain": "befdbe50-8122-49aa-9d53-07f8a31c84ab", "name": "Social and economic geography"}}, {"model": "accounts.subdomain", "pk": "4221c0d2-2048-4306-ba0b-81fa124da656", "fields": {"domain": "844384cf-e7bf-4166-a233-d5020e483fe7", "name": "Civil engineering"}}, {"model": "accounts.subdomain", "pk": "42225365-e8be-4ab2-b5fb-9df15c8a767d", "fields": {"domain": "96823e1d-77fb-4aa6-80a3-8ffe317112c4", "name": "Other"}}, {"model": "accounts.subdomain", "pk": "4c33e554-16ba-47e8-9f7e-d433c557e258", "fields": {"domain": "befdbe50-8122-49aa-9d53-07f8a31c84ab", "name": "Political sciences"}}, {"model": "accounts.subdomain", "pk": "55e0e478-b60b-4d87-b078-7e59b4a73ce4", "fields": {"domain": "06b02ff3-16d9-4c9f-a078-37c366e4f15c", "name": "Animal and dairy sciences"}}, {"model": "accounts.subdomain", "pk": "614c9030-ff4b-41e0-9664-bc5c7ee0751b", "fields": {"domain": "06b02ff3-16d9-4c9f-a078-37c366e4f15c", "name": "Other agricultural sciences"}}, {"model": "accounts.subdomain", "pk": "63639c10-7cee-4ef0-891c-88a8c9e3d822", "fields": {"domain": "5df3124a-b8af-44d3-9dbf-64f18022d8cd", "name": "Physical sciences"}}, {"model": "accounts.subdomain", "pk": "7646fe9c-6a8e-423e-802c-aed77510a002", "fields": {"domain": "06b02ff3-16d9-4c9f-a078-37c366e4f15c", "name": "Agricultural biotechnology"}}, {"model": "accounts.subdomain", "pk": "7e1f6beb-418d-42ea-96c0-c343fd1b71d5", "fields": {"domain": "5df3124a-b8af-44d3-9dbf-64f18022d8cd", "name": "Biological sciences"}}, {"model": "accounts.subdomain", "pk": "825ea804-e436-4aaf-aca4-965738d2e556", "fields": {"domain": "844384cf-e7bf-4166-a233-d5020e483fe7", "name": "Environmental biotechnology"}}, {"model": "accounts.subdomain", "pk": "82e0a8d8-5e8b-4a25-bb5b-a98d7afa3b7d", "fields": {"domain": "81e63d47-85b2-422c-a5d4-ad33b803768b", "name": "Clinical medicine"}}, {"model": "accounts.subdomain", "pk": "8507f5ed-013e-4f47-afc3-e4b5be50947e", "fields": {"domain": "befdbe50-8122-49aa-9d53-07f8a31c84ab", "name": "Law"}}, {"model": "accounts.subdomain", "pk": "8f354dcf-0f2a-4e3a-9a3e-3d47b9fe0ea9", "fields": {"domain": "5df3124a-b8af-44d3-9dbf-64f18022d8cd", "name": "Mathematics"}}, {"model": "accounts.subdomain", "pk": "91874997-84ac-4ac2-8d30-54b2ddc1fd21", "fields": {"domain": "5df3124a-b8af-44d3-9dbf-64f18022d8cd", "name": "Other natural sciences"}}, {"model": "accounts.subdomain", "pk": "98678f0b-dafd-44ae-8144-27f9522daffc", "fields": {"domain": "844384cf-e7bf-4166-a233-d5020e483fe7", "name": "Materials engineering"}}, {"model": "accounts.subdomain", "pk": "9a3350f4-2980-4c8a-b5e4-2650a849c0ea", "fields": {"domain": "81e63d47-85b2-422c-a5d4-ad33b803768b", "name": "Basic medicine"}}, {"model": "accounts.subdomain", "pk": "9e360b60-537d-431b-8004-d3717b586c3f", "fields": {"domain": "befdbe50-8122-49aa-9d53-07f8a31c84ab", "name": "Psychology"}}, {"model": "accounts.subdomain", "pk": "9e819c79-00d1-4c30-b182-2dd592eac5ef", "fields": {"domain": "662ecbf6-f77f-4a8f-86ab-121a2f9f5a4f", "name": "Interdisciplinary"}}, {"model": "accounts.subdomain", "pk": "a00b5c2d-94dc-4c26-a5ab-c94984773142", "fields": {"domain": "befdbe50-8122-49aa-9d53-07f8a31c84ab", "name": "Sociology"}}, {"model": "accounts.subdomain", "pk": "a5e49dec-047b-42d3-be70-9967618a1b0a", "fields": {"domain": "844384cf-e7bf-4166-a233-d5020e483fe7", "name": "Chemical engineering"}}, {"model": "accounts.subdomain", "pk": "a68a80c8-dec1-4b36-8525-f7a69ff7cbf6", "fields": {"domain": "5df3124a-b8af-44d3-9dbf-64f18022d8cd", "name": "Computer and information sciences"}}, {"model": "accounts.subdomain", "pk": "aa07bd1f-8d45-47e0-b1b4-a3b895417fb4", "fields": {"domain": "befdbe50-8122-49aa-9d53-07f8a31c84ab", "name": "Educational sciences"}}, {"model": "accounts.subdomain", "pk": "b6c63b2f-a246-4b69-b8c6-21ac3e5a38b9", "fields": {"domain": "06b02ff3-16d9-4c9f-a078-37c366e4f15c", "name": "Agriculture, forestry and fisheries"}}, {"model": "accounts.subdomain", "pk": "ba016a0c-0ea4-4e60-ac34-ee9035f6e4f2", "fields": {"domain": "844384cf-e7bf-4166-a233-d5020e483fe7", "name": "Environmental engineering"}}, {"model": "accounts.subdomain", "pk": "c0de3fce-2a56-4b87-bfc9-8294131a0fc1", "fields": {"domain": "844384cf-e7bf-4166-a233-d5020e483fe7", "name": "Industrial biotechnology"}}, {"model": "accounts.subdomain", "pk": "d4ae31dd-26ce-4c5b-98ac-1ac69300fbf3", "fields": {"domain": "844384cf-e7bf-4166-a233-d5020e483fe7", "name": "Nano-technology"}}, {"model": "accounts.subdomain", "pk": "dc1d68d4-df34-4aa5-adab-01f1289d7fc8", "fields": {"domain": "e6f133ff-d47b-4586-a1d2-b401751ab3d3", "name": "Philosophy, ethics and religion"}}, {"model": "accounts.subdomain", "pk": "de7a7a22-62b1-4ef1-b10f-faf7f41d0644", "fields": {"domain": "81e63d47-85b2-422c-a5d4-ad33b803768b", "name": "Other medical sciences"}}, {"model": "accounts.subdomain", "pk": "ef1a7b03-0dbc-4fd2-8333-b35f3f6628c3", "fields": {"domain": "81e63d47-85b2-422c-a5d4-ad33b803768b", "name": "Medical biotechnology"}}, {"model": "accounts.subdomain", "pk": "f1735c04-37d4-4bfd-a7fd-d6113c4eece8", "fields": {"domain": "81e63d47-85b2-422c-a5d4-ad33b803768b", "name": "Health sciences"}}, {"model": "accounts.subdomain", "pk": "f6dad43f-47f5-498c-b704-118b0ea697fb", "fields": {"domain": "844384cf-e7bf-4166-a233-d5020e483fe7", "name": "Mechanical engineering"}}, {"model": "accounts.subdomain", "pk": "fe3bfb21-a082-4390-89d1-852d6b4e3e36", "fields": {"domain": "5df3124a-b8af-44d3-9dbf-64f18022d8cd", "name": "Earth and related environmental sciences"}}, {"model": "accounts.merilsubdomain", "pk": "06429107-70df-4fdf-bc90-70f77974a5ac", "fields": {"domain": "6d28fbd2-d04c-42d7-99f5-092e722b75a6", "name": "Electrical and Optical Engineering Facilities", "description": "Single- or multi-sited facilities that offer scientists and engineers access to devices for handling light, utilizing properties of light, and detecting light or access to infrastructure for research and development in the fields of electricity, electronics, and electromagnetism. These infrastructures may either broadly deal with electrical or electronic engineering, or be focused specifically on some of the numerous subtopics, like electronics, electric power, telecommunications, control systems, or other."}}, {"model": "accounts.merilsubdomain", "pk": "0b83de31-0c87-4552-9345-af67e51f30f5", "fields": {"domain": "2d2935e8-112b-43fe-9bed-5300da2760c3", "name": "Other", "description": " "}}, {"model": "accounts.merilsubdomain", "pk": "0cf3aa17-9d6d-4c41-8070-8396412893a1", "fields": {"domain": "6d28fbd2-d04c-42d7-99f5-092e722b75a6", "name": "Mechanical Engineering Facilities", "description": "Facilities dedicated to manufacturing, assembly and testing of components and systems offering services related to control, integration and realization of products and processes including modelling and simulation tools. Processing technology, road-transport vehicle development and testing are included."}}, {"model": "accounts.merilsubdomain", "pk": "0f4714ea-0129-4f6a-a0d0-8cd15167f888", "fields": {"domain": "88b2813a-4b54-4350-aeee-da8c6118d5f9", "name": "Cell Culture Facilities", "description": "Facilities that are equipped to provide robust support for isolation and culture of a variety of cell lines (like mammalian and insect cell lines, mouse and human embryonic stem cells), including serum preparation, feeders, growth factors and mycoplasma testing, this may be on serum-based or serum-free media."}}, {"model": "accounts.merilsubdomain", "pk": "120826ab-90ec-4472-bcf0-4b92fcde7430", "fields": {"domain": "2d2935e8-112b-43fe-9bed-5300da2760c3", "name": "Nuclear Research Facilities", "description": "Nuclear Physics facilities include accelerators, colliders, targets and detectors to study the atomic nucleus, the nuclear matter including its fusion and fission. The facilities can be classified according to their objects of study (hadrons, nuclei, applications), the probes that are used to investigate them (lepton/ photon or hadron/heavy ion beams), or simply by the size of the facility and the type of reactions involved in the various nuclear processes."}}, {"model": "accounts.merilsubdomain", "pk": "12248ead-29bb-4c5b-838b-2884a6fda7fb", "fields": {"domain": "ea1d4422-f391-46bb-b6e1-3765a4303f78", "name": "Research Libraries", "description": "\"Traditionally, large collections of books, or the place in which the collection is housed. However, the term library has extended its meaning to refer to any collection, including digital sources, resources, and services. The collections can be of print, audio, and visual materials in numerous formats, including maps, prints, documents, microform (microfilm/microfiche), CDs, cassettes, videotapes, DVDs, video games, e-books, audiobooks and many other electronic resources. A research library is a collection of useful material for research use. A library is organised for use and maintained by a public body, an institution, a corporation, or a private individual. In addition to providing materials, libraries also provide the services of librarians who are experts at finding and organising information and at interpreting information needs. Modern libraries are increasingly being redefined as places to get unrestricted access to information in many formats and from many sources. They are extending services beyond the physical walls of a building, by providing material accessible by electronic means, and by providing the assistance of librarians in navigating and analysing tremendous amounts of information with a variety of digital tools. Libraries are valuable to all scientific domains; however, they are of specific relevance to Humanities research which relies on access to historical and rare collections of unique artefacts (e.g. primary sources such as ancient manuscripts) and other sources to study those artefacts and works (secondary and tertiary sources) usually held within libraries and otherwise hardly accessible. A scientific discipline called library and information science, an interdisciplinary or multidisciplinary field dedicated to the analysis, collection, organisation, classification, manipulation, preservation, retrieval and dissemination of information resources, has established itself at the crossroads between social sciences, humanities and computer sciences. Historically, library science has also included archival science.\""}}, {"model": "accounts.merilsubdomain", "pk": "19dc461a-d8f2-4dd7-8e13-f0b0a2814de3", "fields": {"domain": "7d948370-00e3-4ba0-88e5-38211863fa80", "name": "Earth Observation Satellites", "description": "Including Optical-IR Earth Observation satellites and Radar Earth Observation satellites."}}, {"model": "accounts.merilsubdomain", "pk": "1b262b49-92d4-40a9-b379-b2d40b8465dd", "fields": {"domain": "2afbdcd0-7a0e-4ac0-8ea8-518a6405ce58", "name": "Analytical Facilities", "description": "All facilities where analytical tools are used that are based on one of the following probes or methods: electrons, photons, neutrons, radio frequency, NMR, or analytical chemistry. It does include Surface Science Laboratories dedicated to analysis and characterization of surface and interface phenomena. Different users would come from the scientific domains Chemistry, Earth science, Bio-Medical (including forensic) science and different sensitivities (Analytical Chemistry, electron microscopy laboratories); NMR facilities; surface science laboratories; x- ray diffraction; Electron Microscopy Laboratories, aspects in life sciences, earth, forensics; Surface Science Laboratories."}}, {"model": "accounts.merilsubdomain", "pk": "1b8ee401-b443-4d6a-9736-97e7e0a1bf6c", "fields": {"domain": "88b2813a-4b54-4350-aeee-da8c6118d5f9", "name": "Other", "description": " "}}, {"model": "accounts.merilsubdomain", "pk": "25fa0af2-3564-4c36-8da7-da5b8fd772b9", "fields": {"domain": "2d2935e8-112b-43fe-9bed-5300da2760c3", "name": "Micro and Nanotechnology Facilities", "description": "Micro and nanotechnology facilities deals with the understanding and control of matter at the nanoscale and microscales, at dimensions between approximately 1 and 1000 nanometres, involving imaging, measuring, modelling, and manipulating matter at this length scale."}}, {"model": "accounts.merilsubdomain", "pk": "28ed87eb-a89f-4ac6-8212-a45597db618d", "fields": {"domain": "1d0b8db9-88eb-46b9-b276-8c179d776c95", "name": "Complex Data Facilities", "description": "Facilities to store huge and high dimensional data volumes and apply statistical methods to classify or cluster the data in order to extract valuable information. The facilities are relevant to Bio-Medical Sciences; Earth and Environmental Sciences; Physics; Astrophysics; Social Sciences."}}, {"model": "accounts.merilsubdomain", "pk": "2c305f7a-92a8-439d-a59d-f1a4ab74987d", "fields": {"domain": "88b2813a-4b54-4350-aeee-da8c6118d5f9", "name": "Collections of Biological Resources (e.g. Microorganisms, Biobanks and Seed Banks)", "description": "Facilities for storage of collections of microorganisms, biological material and the associated data and information facilities for a population or a large subset of a population, maintained under controlled conditions (temperature, humidity, atmosphere, etc.). The biological resources, including microorganisms, human/animal cells, tissue, blood and DNA, seeds of crops, trees and wild plant species, are conserved for their genetic endowment. Databases established on these provide holistic information on each accession with scientific descriptors, ethno-botanical/ zoological/microbiological/medical knowledge, including for the purpose of establishing intellectual property rights and ownership over the biomaterial stored"}}, {"model": "accounts.merilsubdomain", "pk": "2e6eb647-0dad-4e7b-a39c-b01f4658e947", "fields": {"domain": "7d948370-00e3-4ba0-88e5-38211863fa80", "name": "Earthquake Simulation Laboratories", "description": "Facilities that are equipped to do computer-assisted earthquake simulation."}}, {"model": "accounts.merilsubdomain", "pk": "31560549-4f67-495e-b652-2106a40542ee", "fields": {"domain": "2d2935e8-112b-43fe-9bed-5300da2760c3", "name": "Space Environment Test Facilities", "description": "Includes planetary/space environment simulation chambers and space environment exposure facilities as well as space plasma physics facilities"}}, {"model": "accounts.merilsubdomain", "pk": "328eef18-9699-40b6-94ab-6738d7b2436a", "fields": {"domain": "ea1d4422-f391-46bb-b6e1-3765a4303f78", "name": "Research Bibliographies", "description": "\"Large-scale systematic lists of books and other works such as journal articles, reference and access resources. They can be physical publications (i.e. bound volumes) or digital (indexes and catalogues usually in the form of databases). They can be generally divided into enumerative bibliography, which results in an overview of publications in a particular category, and analytical, or critical, bibliography, which studies the production of research material (in the form of books as well as other formats, including recordings, motion pictures, videos, graphic objects, databases, CD-ROMs and websites). As a bibliography can be produced in any field, it could be considered a transversal category; however it is Humanities research especially that has traditionally relied on such tools to systematise its fields of enquiry \u2013 spanning centuries of relevant publications for many humanities disciplines \u2013 and circumscribe its research domain.\""}}, {"model": "accounts.merilsubdomain", "pk": "35ee8f15-69f0-46ee-8bdf-9fa923279db8", "fields": {"domain": "70df3625-46f6-4ee9-976d-b9920af578d5", "name": "National Statistical Facilities (offices)", "description": "Centres of expertise responsible for the collection and publication of statistics related to the economy, population and society at international, national and regional levels. These infrastructures have been traditionally created by the states but constitute as well powerful resources for the social scientists in particular."}}, {"model": "accounts.merilsubdomain", "pk": "3cd7ac60-ea37-4062-953a-5bc9f3d7ef26", "fields": {"domain": "88b2813a-4b54-4350-aeee-da8c6118d5f9", "name": "Animal Facilities", "description": "Facilities that provide husbandry of animals and services to the biomedical research community, usually equipped with highly automated systems that provide the best possible conditions for animal reproduction and maintenance. The main activity is the reproduction and maintenance of animal stocks either of inbred strains or genetically engineered animals, such as transgenic and knockout mouse lines, or even chemically-induced mutants."}}, {"model": "accounts.merilsubdomain", "pk": "3d5b1825-784f-41eb-a375-024bb8fc8c94", "fields": {"domain": "7d948370-00e3-4ba0-88e5-38211863fa80", "name": "Polar and Cryospheric Research Infrastructures", "description": "\"Arctic and Antarctic stations; high altitude and mountain stations; heavy icebreakers; International Partnerships in Ice Core Sciences (IPICS); ANDRILL; Polar Ionospheric stations.\""}}, {"model": "accounts.merilsubdomain", "pk": "41a69b59-5416-41bf-b00e-4508eb742ebb", "fields": {"domain": "ea1d4422-f391-46bb-b6e1-3765a4303f78", "name": "Collections", "description": "\"Sets of often unique objects and items of different types collected usually to be exhibited. Collections normally include a collecting policy for new acquisitions, so only objects and items in certain categories and of a certain quality are accepted into the collection. Objects in a collection are normally catalogued, traditionally in a card index, but nowadays this is being replaced by computerized database also for physical collections. These type of RIs are particularly relevant for the humanities, which often deal with the study of unique artefacts, but they can be relevant for other domains, such as social sciences, life and environmental sciences. PHYSICAL: Museums, Galleries, Analogue audio/visual/multimedia collections, Archaeology, Anthropology and Ethnology Collections, Arts & Art History Collections, Music and Instrument Collections, Datasets (e.g. analogue audio/visual/multimedia datasets). DIGITAL: Archaeology, Anthropology and Ethnology Collections, Arts & Art History Collections, Digitised Manuscript Collections, Music and Instrument Collections, Virtual museums, Virtual galleries, Datasets.\""}}, {"model": "accounts.merilsubdomain", "pk": "441fd0ac-e25b-4504-9ae9-9a5f2a60a72a", "fields": {"domain": "2d2935e8-112b-43fe-9bed-5300da2760c3", "name": "Gravitational Wave Detectors and Observatories", "description": "Instruments using laser interferometry between freely hung test masses up to several km apart in vacuum. The lengths of two perpendicular arms, defined by the test masses, are compared and fluctuations in the arm length differences are recorded and analysed for potential GW signals. Links to earth observation."}}, {"model": "accounts.merilsubdomain", "pk": "44d51d59-399e-4ddf-8e94-d46b3841f146", "fields": {"domain": "88b2813a-4b54-4350-aeee-da8c6118d5f9", "name": "Bio-Informatics Facilities", "description": "Bioinformatics facilities generate knowledge through computer analysis of biological data. These can consist of the information stored in the genetic code, but also experimental results from various sources, patient statistics, and scientific literature. Research in bioinformatics includes method development for storage, retrieval, and analysis of the data. Bioinformatics is a rapidly developing branch of biology and is highly interdisciplinary, using techniques and concepts from informatics, statistics, mathematics, chemistry, biochemistry, physics, and linguistics. It has many practical applications in different areas of biology and medicine."}}, {"model": "accounts.merilsubdomain", "pk": "4514606f-1034-4dce-8bf6-1f79a6097cf3", "fields": {"domain": "ea1d4422-f391-46bb-b6e1-3765a4303f78", "name": "Other", "description": " "}}, {"model": "accounts.merilsubdomain", "pk": "4769e5b7-6f27-4292-80dd-7e73f2cf8afb", "fields": {"domain": "ea1d4422-f391-46bb-b6e1-3765a4303f78", "name": "Conceptual Models", "description": "Explicit formalisations that map a concept to its intended semantics. Conceptual models are adopted in every research domain (e.g. economic models, mathematical models). In the humanities, however, some conceptual models have developed into RIs indispensable to structure a certain knowledge domain, such as is the case for thesauri and taxonomies (also very much used in life sciences) which have a long tradition in supporting analytical efforts especially in linguistics. Increasingly, digital models built around conceptual ontologies and networks are being developed for modelling specific research domain or for cross-referencing purposes in the Humanities."}}, {"model": "accounts.merilsubdomain", "pk": "47df572a-fa24-43c8-8d78-cbeeb05f8586", "fields": {"domain": "7d948370-00e3-4ba0-88e5-38211863fa80", "name": "Environmental Management Infrastructures", "description": "Pilot facilities and experimental infrastructures for management, ecological restoration and environmental mitigation of terrestrial and aquatic ecosystems in natural or degraded conditions (including hydrological and soil management field facilities; decontamination and bioremediation facilities and pilot plants)."}}, {"model": "accounts.merilsubdomain", "pk": "498a6344-d95f-4558-a1bf-1952afd89dd0", "fields": {"domain": "70df3625-46f6-4ee9-976d-b9920af578d5", "name": "Other", "description": " "}}, {"model": "accounts.merilsubdomain", "pk": "49a90b3f-edb9-472a-b2d3-800b0d8ba33f", "fields": {"domain": "6d28fbd2-d04c-42d7-99f5-092e722b75a6", "name": "Aerospace and Aerodynamics Research Facilities", "description": "Single-sited facilities providing a controlled wind stream in which objects (aircrafts, vehicles, buildings) are placed in order to measure their aerodynamic properties, using for instance lasers and/or simulate an operation and control during flight/ drive; includes wind tunnels."}}, {"model": "accounts.merilsubdomain", "pk": "4c985178-2c3f-4501-8ca9-8c1cbec9dcd5", "fields": {"domain": "88b2813a-4b54-4350-aeee-da8c6118d5f9", "name": "Environmental Health Research Facilities", "description": "Environmental health research addresses all potential hazards caused to a human being or an animal by external physical, chemical, and biological factors, and all the related factors impacting behaviours. It encompasses the assessment and control of those environmental factors that can potentially affect health. It is targeted towards preventing disease and creating health-supportive environments. This definition excludes behaviour not related to environment, as well as behaviour related to the social and cultural environment, and genetics. This category includes toxicology and infectious diseases facilities as well as epidemiological study centres."}}, {"model": "accounts.merilsubdomain", "pk": "4d39c294-4369-4a50-9227-1bcdb79f2733", "fields": {"domain": "ea1d4422-f391-46bb-b6e1-3765a4303f78", "name": "Research Archives", "description": "Accounting normally for organised sets of unpublished and almost always unique historical records, or the physical place they are located, archives contain primary source documents (texts, maps, pictures etc.) in physical but also increasingly digital form (e.g. text archives structured in databases) that have accumulated over the course of an individual or organisation's lifetime. In general, archives consist of records that have been selected for permanent or long-term preservation on grounds of their enduring cultural, historical, or evidentiary value. Archives are thus particularly relevant to the Humanities, chiefly to historians but also to many other Humanities researchers dealing with primary sources of various kinds. A scientific discipline called archival science, dedicated to the study and practice of organising, preserving, and providing access to information and materials in archives, has established itself within the Humanities: History Archives, Literature and Text Archives."}}, {"model": "accounts.merilsubdomain", "pk": "4e309260-4d18-4a36-98cd-14658fce8e52", "fields": {"domain": "70df3625-46f6-4ee9-976d-b9920af578d5", "name": "Data mining and Analysis (Methodological) Centres, including statistical analysis", "description": "Centres of expertise or methodological resources for extracting patterns from large data sets by combining methods from statistics and artificial intelligence. These RIs enable researchers to overcome the challenge of working with increasingly larger data-sets. Data-mining and statistical techniques populate every scientific domain but what counts as data is domain specific. Therefore, this category should be understood as specific to social sciences because it refers to data in the social sciences."}}, {"model": "accounts.merilsubdomain", "pk": "4e54c20b-37d6-49d9-ad3f-6bd039a2f258", "fields": {"domain": "88b2813a-4b54-4350-aeee-da8c6118d5f9", "name": "Translational Research Centres", "description": "Translational Research Centres support the integration of evidence based medicine, social sciences and political sciences with the aim of optimising patient care and preventive measures which may extend beyond healthcare services. This is the process of turning appropriate biological discoveries into drugs and medical devices that can be used in the treatment of patients."}}, {"model": "accounts.merilsubdomain", "pk": "5258c634-c3d6-4995-a280-aaf982ec43ea", "fields": {"domain": "6d28fbd2-d04c-42d7-99f5-092e722b75a6", "name": "Civil Engineering Research Infrastructures", "description": "Single-sited, distributed or virtual facilities for the design, construction, testing (including the use of shaking tables) and maintenance of non-military, non-aerospace or non-mechanical large structures, typically including large buildings, transport infrastructures, bridges, dams, tunnels, sewers, plus river, coastal and public health engineering."}}, {"model": "accounts.merilsubdomain", "pk": "62608d3f-8519-4e99-8920-5b25f3e6b193", "fields": {"domain": "7d948370-00e3-4ba0-88e5-38211863fa80", "name": "Research Aircraft", "description": "-"}}, {"model": "accounts.merilsubdomain", "pk": "669afe38-e915-416f-82a0-d9f9f9c10a19", "fields": {"domain": "70df3625-46f6-4ee9-976d-b9920af578d5", "name": "Registers and Survey-led Studies/Databases", "description": "Organized and systematic collection of data (time or spatial series) for one or more purposes (research, evidence-based policy, non-governmental organisations) in digital form or not. These type of RIs are particularly acute to the social sciences, which often rely on the aggregation of masses of longitudinal data but they can be relevant for all the other domains, that is, the humanities, the life and environmental sciences, the physical sciences and engineering, and the medical sciences."}}, {"model": "accounts.merilsubdomain", "pk": "68e78a9e-b586-4f9e-ae4e-4e6a48a8d9f9", "fields": {"domain": "2afbdcd0-7a0e-4ac0-8ea8-518a6405ce58", "name": "Intense Neutron Sources", "description": "Accelerator-based neutron source facility that provides the intense pulsed neutron beam."}}, {"model": "accounts.merilsubdomain", "pk": "693059d3-2999-4b68-b794-2dab8b5fc47e", "fields": {"domain": "7d948370-00e3-4ba0-88e5-38211863fa80", "name": "In Situ Earth Observatories", "description": "Platforms and sensor technologies deployed in situ to collect environmental data (including physical, chemical and biological observations) in support of terrestrial environmental research and management activities. These facilities, including ecological habitat field stations, provide a base for trans-disciplinary research and training, with access to terrestrial field sites for survey and experimental opportunities and often supporting environmental observations and the collection of long-term time series data sets (a.o. on biodiversity)."}}, {"model": "accounts.merilsubdomain", "pk": "69967cc7-1b9f-45e6-867a-f86e226392c0", "fields": {"domain": "88b2813a-4b54-4350-aeee-da8c6118d5f9", "name": "Genomic, Transcriptomic, Proteomics and Metabolomics Facilities", "description": "\"Multiple sites ranging from single laboratory DNA sequencing and RNA transcript analysis facilities run by biologists for their own department's research to high-throughput facilities aimed at providing a sophisticated service for a broad community of biologists run by informaticians, biologists and engineers. Proteomics: physical chemistry developments for clinical and biological applications getting access to proteins network linked to the physiological and pathological stated of the cells. This includes nutrigenomics research.\""}}, {"model": "accounts.merilsubdomain", "pk": "6fb4f3af-155d-4114-8ab8-18148b2e0088", "fields": {"domain": "ea1d4422-f391-46bb-b6e1-3765a4303f78", "name": "Databases", "description": "Structured sets of data for one or more purposes, usually in digital form. The term database applies to the data and their supporting data structures. The utilisation of databases is spread across all scientific disciplines. Databases are therefore RIs relevant to all scientific domains. Databases in the form of structured meta-data as well as analytical data organised usually within a relational model have been extensively developed as RIs in the Humanities with increasing uptake in all its disciplines: Archaeology, Anthropology and Ethnology Databases, Arts & Art History Databases, History Databases, Digitised Manuscript Databases."}}, {"model": "accounts.merilsubdomain", "pk": "78275334-3334-401e-bd4f-82cceb3c5535", "fields": {"domain": "88b2813a-4b54-4350-aeee-da8c6118d5f9", "name": "Structural Biology Facilities", "description": "Facilities which are equipped for visualisation, characterisation, and measurement of biological processes at the molecular level in humans and other living systems. Main technologies include protein crystallisation, X-ray diffraction, mass spectrometry, DSC."}}, {"model": "accounts.merilsubdomain", "pk": "798e160f-41fb-4652-a83c-75a2f01a5559", "fields": {"domain": "70df3625-46f6-4ee9-976d-b9920af578d5", "name": "Data Archives, Data Repositories and Collections", "description": "A digital data archive is a centre of expertise in data acquisition, preservation, management, dissemination and promotion of an access to the national and international collections and repositories of digital data. These type of RIs are particularly acute to the social sciences, which often rely on the aggregation of longitudinal data, and to the humanities, which often rely on preservation, but they can be relevant for other domains, particularly, the life and environmental sciences and the medical sciences."}}, {"model": "accounts.merilsubdomain", "pk": "7a42ac5a-6e6a-4e15-a649-6f5465d5189d", "fields": {"domain": "2afbdcd0-7a0e-4ac0-8ea8-518a6405ce58", "name": "Intense Light Sources", "description": "All facilities that provide access to intense light radiation sources as used for lasers, synchrotrons, Free Electron Lasers. The facilities are relevant to the scientific domains of Physics, Chemistry, Bio-Medical Sciences, Earth and Environmental Sciences, Humanities & Arts, Information Science & Technology; Laser Sources for materials synthesis laboratories; Laser Sources for spectroscopy laboratories; Synchrotron Light Sources and X-Ray Diffraction Facilities."}}, {"model": "accounts.merilsubdomain", "pk": "7be40ccd-7781-4730-b3f0-52abc9f41040", "fields": {"domain": "2d2935e8-112b-43fe-9bed-5300da2760c3", "name": "High Energy Physics Facilities", "description": "High Energy Physics Facilities include accelerators, colliders, targets, light sources and detectors of high energy particles through electrostatic or oscillating fields accelerating particles to speeds sufficient to cause nuclear and particle reactions."}}, {"model": "accounts.merilsubdomain", "pk": "7c6e4b0f-fd7f-448d-b6a9-8f60f94dabeb", "fields": {"domain": "2d2935e8-112b-43fe-9bed-5300da2760c3", "name": "Telescopes", "description": "Includes ground-based telescopes with (1) optical and/or near infrared telescopes, interferometers or (2) reflector telescopes with mirrors of different diameters, operating at radio frequencies, or infrared and/or optical wavelengths and (3) Space-borne telescopes orbiting the earth including a wide range of wavelengths, from gamma-rays to the radio."}}, {"model": "accounts.merilsubdomain", "pk": "7f701aa3-593c-4faf-b3f8-55a3b9e7aead", "fields": {"domain": "2d2935e8-112b-43fe-9bed-5300da2760c3", "name": "Centres for Development of Industrial Mathematics", "description": "Centres devoted to the development of the interface between mathematics and industry. Their research groups offer a wide range of mathematical expertise and are able to interact with scientists from other disciplines (life sciences, bio-medicine, material sciences, engineering, computer sciences, physics, social sciences, etc.) both in the academic or industrial frameworks. (Industrial mathematics, applied mathematics)."}}, {"model": "accounts.merilsubdomain", "pk": "810fcb0e-1168-4fa2-af3c-0e341e3fcbe5", "fields": {"domain": "70df3625-46f6-4ee9-976d-b9920af578d5", "name": "Research Data Service Facilities", "description": "Facilities for clustering research data and making it permanently accessible, as well as facilities for the provision of all sorts of data services. These often include meta-infrastructures. These types of RIs are particularly relevant to Humanities and Arts; Social Sciences, Medical sciences."}}, {"model": "accounts.merilsubdomain", "pk": "827c96a0-4acc-4416-8faa-5dc99e448789", "fields": {"domain": "7d948370-00e3-4ba0-88e5-38211863fa80", "name": "Solid Earth Observatories, including Seismological Monitoring Stations", "description": "\"Drilling platforms and sensor technologies deployed to collect solid earth data and material in support of solid earth research and management activities. This includes facilities that collect seismological data to be added to the European Integrated Data Archive (EIDA) and made available to the scientific community. Integrated Ocean Drilling Programme (IODP) and Integrated Continental Drilling Programme (ICDP); Sediment Coring Archives; VLBI stations.\""}}, {"model": "accounts.merilsubdomain", "pk": "842c5478-3907-4917-a3d2-eb221de92d44", "fields": {"domain": "2afbdcd0-7a0e-4ac0-8ea8-518a6405ce58", "name": "Reference Material Repositories", "description": "Facilities providing materials with at least one standardised and fully described property that can be used in measurements e.g. as a standard for calibration of instruments or as reference for measuring other materials."}}, {"model": "accounts.merilsubdomain", "pk": "946b30b1-0bfd-481c-acd9-3b7fb38005c4", "fields": {"domain": "6d28fbd2-d04c-42d7-99f5-092e722b75a6", "name": "Energy Engineering Facilities (non-nuclear)", "description": "Combustion, solar, wind, production & distribution, includes, combustion test facilities and associated technologies."}}, {"model": "accounts.merilsubdomain", "pk": "965e6dbe-3a64-41f2-b612-f2421e3207a8", "fields": {"domain": "c40ea294-73a0-4606-a05c-9635271fef72", "name": "Other", "description": " "}}, {"model": "accounts.merilsubdomain", "pk": "982508b6-6c47-4284-8f85-c8ef23f1b304", "fields": {"domain": "ea1d4422-f391-46bb-b6e1-3765a4303f78", "name": "Repositories", "description": "\"Locations for storage of often unique objects and items of different nature, in general for preservation purposes. Repositories not only have the function to store objects and items but they also guarantee access for future retrieval and study. This type of RI in its general definition is relevant to all scientific domains (for instance as far as physical or virtual facility for the deposit of academic publications such as academic journal articles are concerned); however, some humanities disciplines strongly rely on specific repositories for its analysis. PHYSICAL: Analogue audio/visual/multimedia repositories, Archaeology, Anthropology and Ethnology Repositories, Arts & Art History Repositories. DIGITAL: Data repositories (e.g. digital library), Archaeology, Anthropology and Ethnology Repositories, Arts & Art History Repositories, Digitised Manuscript Repositories.\""}}, {"model": "accounts.merilsubdomain", "pk": "9aada323-1faf-4ffe-abcd-7d46db477e78", "fields": {"domain": "7d948370-00e3-4ba0-88e5-38211863fa80", "name": "Natural History Collections", "description": "Facilities that serve as a library of organisms have lived and/or are living on Earth and curation sites for materials relevant for planetary exploration. They contribute to specific research and public education in an easily accessible venue."}}, {"model": "accounts.merilsubdomain", "pk": "a14b11c4-8e57-42ca-92ab-e67d0c4ec15f", "fields": {"domain": "2d2935e8-112b-43fe-9bed-5300da2760c3", "name": "Centres for Advanced Research in Mathematics", "description": "Research Centres hosting researchers and organizing scientific events at a high level. Three different types of centres can be distinguished according to their aim: a) centres organizing high level one week conferences in mathematics or their interface with sciences and industry; b) centres organizing, over three or more months, targeted advanced scientific programmes at doctoral level or on specific research challenges; c) high-level research institutes with few permanent positions and a highly developed visitor\u2019s programme. (High level mathematics, interface between mathematics and other sciences)."}}, {"model": "accounts.merilsubdomain", "pk": "a6138a8d-52dd-4970-bb4f-c961292573b9", "fields": {"domain": "2d2935e8-112b-43fe-9bed-5300da2760c3", "name": "test-meril-sub-physics", "description": null}}, {"model": "accounts.merilsubdomain", "pk": "a7d6a39c-c7fd-4360-8bc9-292b42ef4313", "fields": {"domain": "88b2813a-4b54-4350-aeee-da8c6118d5f9", "name": "Biomedical Imaging Facilities", "description": "Facilities which are equipped for visualisation, characterisation, and measurement of biological processes at the cellular and tissue levels in humans and other living systems."}}, {"model": "accounts.merilsubdomain", "pk": "ab4e9013-750f-4d91-b60f-66c5e7e23147", "fields": {"domain": "7d948370-00e3-4ba0-88e5-38211863fa80", "name": "Other", "description": " "}}, {"model": "accounts.merilsubdomain", "pk": "b07338b5-a690-4ebb-8e11-990cd0c64651", "fields": {"domain": "88b2813a-4b54-4350-aeee-da8c6118d5f9", "name": "Acoustic Monitoring Stations", "description": "Non audible very low frequency waves infrasound stations, (volcano meteors monitoring, avalanches, landslides) ; audible frequency stations and hydro acoustic stations (marine mammals, multi-beam, acoustic tomography, echosounders, sodar); high frequency stations ( T-phase stations)."}}, {"model": "accounts.merilsubdomain", "pk": "b212168a-081b-4dc1-9f46-84758f7ccf32", "fields": {"domain": "88b2813a-4b54-4350-aeee-da8c6118d5f9", "name": "Agronomy, Forestry, Plant Breeding Centres", "description": "Facilities that enable open field and forest experiments to test the impact of management practices and of environmental conditions on soil, crop, and primary production. These include plants and trees ex-situ collections, experimental facilities for controlled crosses and propagation, and population genetics field testing. The facilities are relevant for Biological- and Environmental Sciences."}}, {"model": "accounts.merilsubdomain", "pk": "b2121ba1-8559-47e7-8f8a-3b839c455947", "fields": {"domain": "6d28fbd2-d04c-42d7-99f5-092e722b75a6", "name": "Marine & Maritime Engineering Facilities", "description": "Experimental facilities in the fields of hydraulics, geophysical fluid dynamics, ship dynamics and ice engineering research. These include: Basins (both for marine research with waves and/or (tidal) currents and research on inland water issues); multi-directional wave basins; flumes (both for marine research and for research on inland water issues); towing tanks for ship dynamics research; cavitation tunnels; rotation basins for research on Coriolis-dominated issues; facilities for ice research; other hydraulic facilities. The facilities are relevant for the scientific domains Engineering, Earth and Environmental Sciences, Marine and Polar Sciences"}}, {"model": "accounts.merilsubdomain", "pk": "b57ddffd-d0ae-44b7-858a-3b06c2b99e53", "fields": {"domain": "2d2935e8-112b-43fe-9bed-5300da2760c3", "name": "Extreme Conditions Facilities", "description": "All facilities where materials are studied under extreme physical conditions as in High Magnetic Field Laboratories, High Pressure Laboratories, Low Temperature Laboratories, High Radiation Facilities, and Microgravity platforms."}}, {"model": "accounts.merilsubdomain", "pk": "b6385214-8f14-4274-b103-2fff85ecdedf", "fields": {"domain": "2afbdcd0-7a0e-4ac0-8ea8-518a6405ce58", "name": "Materials Synthesis or Testing Facilities", "description": "All single or multi sited facilities run by engineers and materials scientists to process or test materials with regard to predefined specifications. It includes testing and processing equipment, structural and properties characterization instruments. The facilities are relevant to the scientific domains of Engineering, Materials Sciences, Physics, and Chemistry."}}, {"model": "accounts.merilsubdomain", "pk": "b6c69b55-e931-4aa0-9cb8-a6fc240c1a22", "fields": {"domain": "1d0b8db9-88eb-46b9-b276-8c179d776c95", "name": "Centralised Computing Facilities", "description": "Single-sited facilities with a centralised control that enable high performance computing through supercomputers. These are relevant to all scientific domains."}}, {"model": "accounts.merilsubdomain", "pk": "b6cfb3c4-6403-420d-8bb3-9b43f7a947e4", "fields": {"domain": "2d2935e8-112b-43fe-9bed-5300da2760c3", "name": "Astro-Particle and Neutrino Detectors and Observatories", "description": "Range of detectors/observatories, using interactions in water or ice for detecting astrophysical neutrinos, interactions in liquid noble gases or solids for searching for dark matter particles, and light emission in the atmosphere for the detection of gamma rays from astrophysical sources."}}, {"model": "accounts.merilsubdomain", "pk": "bbac5b84-c8d2-4db0-bac8-8782fbd81b66", "fields": {"domain": "1d0b8db9-88eb-46b9-b276-8c179d776c95", "name": "Other", "description": " "}}, {"model": "accounts.merilsubdomain", "pk": "c06f4222-404a-403d-8e8c-2f990e7e5237", "fields": {"domain": "1d0b8db9-88eb-46b9-b276-8c179d776c95", "name": "Software Service Facilities", "description": "Facilities that provide access to well fabricated software for modelling, simulation, development, control and optimization, including software libraries/ repositories or support services for the implementation of the software, their maintenance and adaptation to new hardware platforms as well consultation regarding proper use of the software as well as training facilities for users. These are relevant to all scientific domains."}}, {"model": "accounts.merilsubdomain", "pk": "c51ce4c2-2f46-48b9-9251-ed15af4b9b67", "fields": {"domain": "2d2935e8-112b-43fe-9bed-5300da2760c3", "name": "Cross-Disciplinary Centres in Mathematics", "description": "Specialised structures devoted to the interaction of mathematics with other sciences (e.g. biology, genomics, chemistry, computer sciences \u2026). These structures strive at developing new areas of research where mathematics is known to play a founding role as it did in the development of physics. (Cross-disciplinary centres; mathematical sciences; interaction of mathematics)."}}, {"model": "accounts.merilsubdomain", "pk": "c8912d8d-5954-4ca3-984d-4b08e1fb917f", "fields": {"domain": "1d0b8db9-88eb-46b9-b276-8c179d776c95", "name": "Communication Networks", "description": "Facilities responsible, at national or international levels, for the provision of data communications networks, capacity and services to the research and education community in all scientific domains. The networks typically connect other networks at international, regional or metropolitan level."}}, {"model": "accounts.merilsubdomain", "pk": "cc08d025-dedd-4a83-93da-6a6bca1e7bd9", "fields": {"domain": "2d2935e8-112b-43fe-9bed-5300da2760c3", "name": "Underground Laboratories", "description": "Underground spaces providing experimental areas of reduced cosmic ray background, reduced seismic noise etc. for a range of experiments in physics and particle astrophysics. Open to members of collaborations involved in installing and running experiments. These facilities also have relevance to ICT and Material Sciences, Environment, Biological and Medical Sciences, Physics."}}, {"model": "accounts.merilsubdomain", "pk": "ce326a2f-bad4-414d-b735-dfb4f3c25830", "fields": {"domain": "2afbdcd0-7a0e-4ac0-8ea8-518a6405ce58", "name": "Other", "description": " "}}, {"model": "accounts.merilsubdomain", "pk": "db3b4c0f-92bf-4802-a5b0-fb28d9a392f3", "fields": {"domain": "2afbdcd0-7a0e-4ac0-8ea8-518a6405ce58", "name": "Chemical Libraries and Screening Facilities", "description": "Digital libraries related to chemistry as well as screening facilities."}}, {"model": "accounts.merilsubdomain", "pk": "de063178-0107-4c91-b5e8-e9c089ae711d", "fields": {"domain": "2afbdcd0-7a0e-4ac0-8ea8-518a6405ce58", "name": "Pilot Plants for Process Testing", "description": "Plants where processes in biological or chemical systems, including bioenergy/biorefinery research and food processing research, are tested on a pilot level scale. Biology, Chemistry."}}, {"model": "accounts.merilsubdomain", "pk": "e267e7b9-b9b9-445b-a963-9464afe8da7a", "fields": {"domain": "88b2813a-4b54-4350-aeee-da8c6118d5f9", "name": "Clinical Research Centres", "description": "Facilities that support patient-oriented research, involving a particular person or group of people or using materials from humans. This research can include: studies of mechanisms of human disease; studies of therapies or interventions for disease; clinical trials; studies to develop new technology related to disease."}}, {"model": "accounts.merilsubdomain", "pk": "e7a31d11-9bb2-444a-ac94-54d2dbe48d67", "fields": {"domain": "2d2935e8-112b-43fe-9bed-5300da2760c3", "name": "Mathematics Centres of Competence", "description": "Mathematics centres of competence develop mathematical models for applications in all sciences and engineering, including social sciences, and medicine. They analyse the models, develop and implement algorithms for the simulation of the models as well as for the optimization and control of the involved processes. They provide transversal competences which allow transferring concepts and methods from one specific science to another and they also provide consulting concerning the use of methods and their implementation for specific applications. When needed, they generate the basic mathematical theory that is needed to perform the described tasks. (Mathematical modelling; numerical and statistical simulation; control theory; optimization; mathematical algorithm repository)."}}, {"model": "accounts.merilsubdomain", "pk": "e8fb47f9-10f5-4942-aa2b-c32b22a149d4", "fields": {"domain": "1d0b8db9-88eb-46b9-b276-8c179d776c95", "name": "Distributed Computing Facilities", "description": "Facilities for virtualisation, grid and cloud computing, or capability computing that are loosely coupled, heterogeneous, and geographically dispersed distributed system with non-interactive workloads that involve a large number of files. They federate, share and coordinate distributed resources from different organisations that are not subject to centralized control, using open, general-purpose and in some cases standard protocols and interfaces to deliver non-trivial qualities of service relevant to all scientific domains."}}, {"model": "accounts.merilsubdomain", "pk": "eb8022d2-f953-4908-b03f-c43defcf276e", "fields": {"domain": "7d948370-00e3-4ba0-88e5-38211863fa80", "name": "In Situ Marine/Freshwater Observatories", "description": "Platforms and sensor technologies deployed in situ to collect environmental data (including physical, chemical and biological observations) in support of aquatic environmental research and management activities. These facilities, including marine/freshwater research centres, provide a base for trans-disciplinary research and training, with access to marine and freshwater field sites, and equipment (including research vessels that may carry large exchangeable underwater equipment/instruments ) for survey and experimental opportunities and often supporting environmental observations and the collection of long-term time series data sets (a.o. on biodiversity). Typical equipment includes: Buoys; Argo; gliders; autonomous underwater vehicles; remotely operated vehicle (Victor); Tide gauges; deep sea laboratories. Ship-time for stock assessments, polar supply, naval research, and educational courses and non- academic research are not considered in this context. For this inventory the atmospheric measurement facilities are kept as a separate category. This implies that some marine research centres will also fall under this category if they host an atmospheric measurement site."}}, {"model": "accounts.merilsubdomain", "pk": "ec95a569-e776-497c-9aa2-b052d19e50fd", "fields": {"domain": "7d948370-00e3-4ba0-88e5-38211863fa80", "name": "Atmospheric Measurement Facilities", "description": "Meteorological stations (all physical parameters that can be observed) ; Global Atmospheric Watch (GAW); Airglow; Ionospheric stations (all sky cameras, ionospheric radar); brewers; lidars; chemical compositions, pollution and radionuclides facilities; This includes atmospheric test chambers, used to conduct controlled experiments for climate change research and atmosphere related problems."}}, {"model": "accounts.merilsubdomain", "pk": "ed7ba5ec-54b6-409e-9ab7-2351a6625a0e", "fields": {"domain": "2d2935e8-112b-43fe-9bed-5300da2760c3", "name": "Safety Handling Facilities", "description": "Facilities that are required to handle materials that potentially cause biosafety, chemical, radioactive, explosive, or engineering hazards. Also clean rooms and Actinide Handling Facilities would be included. Includes Biosecurity Level-4 Laboratories."}}, {"model": "accounts.merilsubdomain", "pk": "f0de9c11-f1da-44eb-80c8-9bede46d06d2", "fields": {"domain": "7d948370-00e3-4ba0-88e5-38211863fa80", "name": "Earth, Ocean, Marine, Freshwater, and Atmosphere Data Centres", "description": "Platforms for the exchange of earth, oceanographic, marine, freshwater and atmospheric data and information, and for advisory services in the field of earth, ocean, marine, freshwater and atmospheric data management. National Data Centres, Designated National Agencies for international data exchange and Satellite Data Centres represent the backbone of the data and information infrastructure. National networks are usually put in place to interconnect the data centres of major national institutes. The overall objective is to significantly improve the overview and access to data and data analysis from government and research institutes."}}, {"model": "accounts.merilsubdomain", "pk": "f2b8ce9f-d733-4cd5-9a7c-43d43e6eaad1", "fields": {"domain": "7d948370-00e3-4ba0-88e5-38211863fa80", "name": "Geothermal Research Facilities", "description": "Facilities that enable research, development, and demonstration of technologies to advance the use of geothermal energy as a clean, renewable, domestic power source."}}, {"model": "accounts.merilsubdomain", "pk": "f584ade3-8708-4f0e-97be-6ffc894fc1d8", "fields": {"domain": "6d28fbd2-d04c-42d7-99f5-092e722b75a6", "name": "Other", "description": " "}}, {"model": "accounts.merilsubdomain", "pk": "f8c5803b-1f45-4c5e-9027-111eba14a752", "fields": {"domain": "88b2813a-4b54-4350-aeee-da8c6118d5f9", "name": "Biological/Biomedical Engineering and Biotechnology/Nanotechnology Research Facilities", "description": "Facilities that are dedicated to application of concepts and methods of bioscience and/or nanoscience, and/or use of living systems and organisms to develop solutions to problems in life- and preclinical sciences using engineering methodologies."}}, {"model": "accounts.merilsubdomain", "pk": "fac4b42f-a3c1-402d-b7f0-6653c4530e1a", "fields": {"domain": "88b2813a-4b54-4350-aeee-da8c6118d5f9", "name": "Telemedicine Laboratories and E-Health Technologies", "description": "E-Health is an emerging concept relating to the use of networked digital ICTs (primarily the Internet) to facilitate the organisation & delivery of health care and services. It encompasses applications for providers and organisations (e.g. for storing, exchanging and using clinical or administrative data, or aiding evidence-based practice) and for citizens and patients (e.g. web- based health information, education, virtual consulting), as well as research applications of e- Health technologies."}}, {"model": "accounts.merilsubdomain", "pk": "fc90ec9c-f983-4f1c-905e-af187dd2423d", "fields": {"domain": "88b2813a-4b54-4350-aeee-da8c6118d5f9", "name": "Systems Biology/Computational Biology Facilities", "description": "Laboratories that combine all relevant scientific disciplines and the know-how to integrate experimental data with computational and theoretical approaches with the aim of targeting, understanding and engineering pathways, cells, organs and complete organisms."}}, {"model": "accounts.legalstatus", "pk": "11ab93a2-3420-41e3-ae76-76528dd213c6", "fields": {"name": "European Economic Interest Grouping"}}, {"model": "accounts.legalstatus", "pk": "27cebd5b-0087-43d9-899b-1a6a5b0a341a", "fields": {"name": "Public Legal Entiry under Private Law"}}, {"model": "accounts.legalstatus", "pk": "2a03006d-19f3-4edc-934c-0b97cce13e29", "fields": {"name": "Non For Profit Company"}}, {"model": "accounts.legalstatus", "pk": "39424b73-7a5d-4067-9c65-34e68210cf61", "fields": {"name": "Society"}}, {"model": "accounts.legalstatus", "pk": "4755d0d3-a1cb-4568-b531-5dcc4cb16d29", "fields": {"name": "Consortium"}}, {"model": "accounts.legalstatus", "pk": "4fd9b9aa-cd54-4bce-a320-b49858d705ba", "fields": {"name": "European Research Infrastructure Consortium (ERIC)"}}, {"model": "accounts.legalstatus", "pk": "5a09b2b1-0f86-416a-88d0-3d1b8d4126fa", "fields": {"name": "Not a Legal Entity"}}, {"model": "accounts.legalstatus", "pk": "6182e73e-1282-4f74-9a76-9c0aea30469b", "fields": {"name": "Trust"}}, {"model": "accounts.legalstatus", "pk": "6bffc844-1df0-4d20-b1e4-540dedc84955", "fields": {"name": "Partnership"}}, {"model": "accounts.legalstatus", "pk": "8b7b5c1e-56c3-4d6b-8d5a-b9f0d0ddfac8", "fields": {"name": "Foundation"}}, {"model": "accounts.legalstatus", "pk": "94c2025b-54e5-4cb7-99c6-4e71cbdfcf9b", "fields": {"name": "Self Employed"}}, {"model": "accounts.legalstatus", "pk": "9b8ea304-e955-4019-9dee-0d7cd0ba3f23", "fields": {"name": "Non-Governmental Organisation"}}, {"model": "accounts.legalstatus", "pk": "9d92a177-40f5-4da3-900e-44bd5d1275ec", "fields": {"name": "Union"}}, {"model": "accounts.legalstatus", "pk": "a5a75ed5-3eed-4eb4-9869-c6c0c633691b", "fields": {"name": "International or Intergovernmental Organisation or Framework"}}, {"model": "accounts.legalstatus", "pk": "be2d8b58-2c9e-476f-9552-900b61b4f31e", "fields": {"name": "Public Company"}}, {"model": "accounts.legalstatus", "pk": "bf81a5f2-9b14-4fe0-8931-41dde90907a5", "fields": {"name": "Association"}}, {"model": "accounts.legalstatus", "pk": "c35fbd36-e3a3-45b3-affb-c37aed449149", "fields": {"name": "Grouping"}}, {"model": "accounts.legalstatus", "pk": "d4f3933b-716f-4c63-a8bc-3d44fb6b5b00", "fields": {"name": "Private Company"}}, {"model": "accounts.legalstatus", "pk": "e94a0ff6-76d0-4c97-a39c-e96b75b125b2", "fields": {"name": "Corporation"}}, {"model": "accounts.legalstatus", "pk": "ecee1088-bda1-4d46-a708-1caf231599ee", "fields": {"name": "Public Legal Entiry"}}, {"model": "accounts.legalstatus", "pk": "f4a86627-1c82-4ea7-b596-d4772f1e0306", "fields": {"name": "Other"}}, {"model": "accounts.organisation", "pk": "89216ca6-9740-4b71-86e4-d8d17ed4edf1", "fields": {"epp_bai_0_id": "egi", "epp_bai_1_name": "EGI Foundation", "epp_bai_2_abbreviation": "egi.eu", "epp_bai_3_website": "www.egi.eu", "epp_bai_4_legal_entity": true, "epp_bai_5_legal_status": null, "epp_cli_3_tags": "", "epp_loi_1_street_name_and_number": "Science Park 140 ", "epp_loi_2_postal_code": "1098 XG", "epp_loi_3_city": "Amsterdam", "epp_loi_4_region": "Amsterdam", "epp_loi_5_country_or_territory": "netherlands", "epp_mri_1_description": "<div class=\"wpb_text_column wpb_content_element \" style=\"background-image: initial; background-position: initial; background-size: initial; background-repeat: initial; background-attachment: initial; background-origin: initial; background-clip: initial; border: 0px; margin: 0px 0px 35px; padding: 0px; vertical-align: baseline; outline: 0px; color: #333333; font-family: Hind, sans-serif; font-size: 17px;\">\n<div class=\"wpb_wrapper\" style=\"background: transparent; border: 0px; margin: 0px; padding: 0px; vertical-align: baseline; outline: 0px;\">\n<p style=\"background: transparent; border: 0px; margin: 6px 0px 20px; padding: 0px; vertical-align: baseline; outline: 0px;\">he\u00a0<strong style=\"background: transparent; border: 0px; margin: 0px; padding: 0px; vertical-align: baseline; outline: 0px;\">EGI Foundation</strong>\u00a0(also known as\u00a0<strong style=\"background: transparent; border: 0px; margin: 0px; padding: 0px; vertical-align: baseline; outline: 0px;\">EGI.eu</strong>) coordinates the EGI infrastructure on behalf of the participants of the EGI Council: national e-infrastructures and European Intergovernmental Research Organisations (EIROs).</p>\n<p style=\"background: transparent; border: 0px; margin: 6px 0px 20px; padding: 0px; vertical-align: baseline; outline: 0px;\">The EGI Foundation is not-for-profit and was established in Amsterdam in 2010 under Dutch law. The foundation is led by Tiziana Ferrari (Managing Director) and is governed by the EGI Council. Day-to-day operations are supervised by the Executive Board.</p>\n<p style=\"background: transparent; border: 0px; margin: 6px 0px 20px; padding: 0px; vertical-align: baseline; outline: 0px;\">More information:</p>\n<ul style=\"background: transparent; border: 0px; margin: 0px; padding: 0px; vertical-align: baseline; outline: 0px; list-style-position: inside;\">\n<li style=\"background: transparent; border: 0px; margin: 0px 0px 0px 30px; padding: 0px; vertical-align: baseline; outline: 0px; list-style: none;\"><a href=\"https://www.egi.eu/about/projects/\" style=\"background: transparent; border: 0px; margin: 0px; padding: 0px; vertical-align: baseline; outline: 0px; color: #0067b0; text-decoration-line: none; cursor: pointer; transition: color 0.15s ease-in-out 0s;\">Participation in EU-funded projects</a></li>\n<li style=\"background: transparent; border: 0px; margin: 0px 0px 0px 30px; padding: 0px; vertical-align: baseline; outline: 0px; list-style: none;\"><a href=\"https://www.egi.eu/about/egi-foundation/memberships/\" style=\"background: transparent; border: 0px; margin: 0px; padding: 0px; vertical-align: baseline; outline: 0px; color: #0067b0; text-decoration-line: none; cursor: pointer; transition: color 0.15s ease-in-out 0s;\">Membership in international bodies</a></li>\n<li style=\"background: transparent; border: 0px; margin: 0px 0px 0px 30px; padding: 0px; vertical-align: baseline; outline: 0px; list-style: none;\"><a href=\"https://www.egi.eu/about/collaborations/\" style=\"background: transparent; border: 0px; margin: 0px; padding: 0px; vertical-align: baseline; outline: 0px; color: #0067b0; text-decoration-line: none; cursor: pointer; transition: color 0.15s ease-in-out 0s;\">Collaborations</a></li>\n<li style=\"background: transparent; border: 0px; margin: 0px 0px 0px 30px; padding: 0px; vertical-align: baseline; outline: 0px; list-style: none;\"><a href=\"https://documents.egi.eu/public/ShowDocument?docid=18\" rel=\"noopener noreferrer\" style=\"background: transparent; border: 0px; margin: 0px; padding: 0px; vertical-align: baseline; outline: 0px; color: #0067b0; text-decoration-line: none; cursor: pointer; transition: color 0.15s ease-in-out 0s;\" target=\"_blank\">EGI Foundation statutes</a></li>\n<li style=\"background: transparent; border: 0px; margin: 0px 0px 0px 30px; padding: 0px; vertical-align: baseline; outline: 0px; list-style: none;\"><a href=\"https://www.egi.eu/about/jobs/\" style=\"background: transparent; border: 0px; margin: 0px; padding: 0px; vertical-align: baseline; outline: 0px; color: #0067b0; text-decoration-line: none; cursor: pointer; transition: color 0.15s ease-in-out 0s;\">Career opportunities</a></li>\n</ul>\n</div>\n</div>\n<div class=\"vc_empty_space\" style=\"background-image: initial; background-position: initial; background-size: initial; background-repeat: initial; background-attachment: initial; background-origin: initial; background-clip: initial; border: 0px; margin: 0px; padding: 0px; vertical-align: baseline; outline: 0px; color: #333333; font-family: Hind, sans-serif; font-size: 17px; \">\u00a0</div>\n<div class=\"wpb_text_column wpb_content_element \" style=\"background-image: initial; background-position: initial; background-size: initial; background-repeat: initial; background-attachment: initial; background-origin: initial; background-clip: initial; border: 0px; margin: 0px 0px 35px; padding: 0px; vertical-align: baseline; outline: 0px; color: #333333; font-family: Hind, sans-serif; font-size: 17px;\">\n<div class=\"wpb_wrapper\" style=\"background: transparent; border: 0px; margin: 0px; padding: 0px; vertical-align: baseline; outline: 0px;\">\n<p style=\"background: transparent; border: 0px; margin: 6px 0px 20px; padding: 0px; vertical-align: baseline; outline: 0px;\">The EGI Foundation is steered by the\u00a0<strong style=\"background: transparent; border: 0px; margin: 0px; padding: 0px; vertical-align: baseline; outline: 0px;\">EGI Council</strong>, the main governing body of the federation.</p>\n<p style=\"background: transparent; border: 0px; margin: 6px 0px 0px; padding: 0px; vertical-align: baseline; outline: 0px;\"><a href=\"https://www.egi.eu/about/egi-council/\" style=\"background: transparent; border: 0px; margin: 0px; padding: 0px; vertical-align: baseline; outline: 0px; color: #0067b0; text-decoration-line: none; cursor: pointer; transition: color 0.15s ease-in-out 0s;\">More information about the EGI Council</a></p>\n</div>\n</div>", "epp_mri_2_logo": "https://egi.eu/wp-content/uploads/2016/05/cropped-logo_site-1-300x300.png", "epp_mri_3_multimedia": "https://www.youtube.com/user/EuropeanGrid/", "main_contact": null, "public_contact": null, "epp_mti_1_life_cycle_status": "Operational", "epp_mti_2_certifications": "ISO 9001:2015 and ISO/IEC 20000-1:2011", "epp_oth_1_hosting_legal_entity": null, "epp_oth_2_participating_countries": "Europe", "epp_oth_7_esfri_type": null, "epp_oth_12_national_roadmaps": null, "epp_cli_1_scientific_domain": ["5df3124a-b8af-44d3-9dbf-64f18022d8cd"], "epp_cli_2_scientific_subdomain": ["a68a80c8-dec1-4b36-8525-f7a69ff7cbf6"], "epp_oth_3_affiliations": [], "epp_oth_4_networks": [], "epp_oth_5_structure_type": [], "epp_oth_6_esfri_domain": [], "epp_oth_8_meril_scientific_domain": [], "epp_oth_9_meril_scientific_subdomain": [], "epp_oth_10_areas_of_activity": [], "epp_oth_11_societal_grand_challenges": []}}, {"model": "accounts.organisation", "pk": "89baefa0-fe82-4166-a206-408f94af78b6", "fields": {"epp_bai_0_id": "eudat", "epp_bai_1_name": "EUDAT Collaborative Data Infrastructure", "epp_bai_2_abbreviation": "EUDAT CDI", "epp_bai_3_website": "www.eudat.eu", "epp_bai_4_legal_entity": true, "epp_bai_5_legal_status": null, "epp_cli_3_tags": "", "epp_loi_1_street_name_and_number": "Keilaranta 14  Espoo Finland,", "epp_loi_2_postal_code": "02150", "epp_loi_3_city": "Espoo", "epp_loi_4_region": null, "epp_loi_5_country_or_territory": "finland", "epp_mri_1_description": "<p style=\"margin: 0px 0px 10px; line- color: #444444; font-family: 'Open Sans'; font-size: 16px; background-color: #f9f9f9; text-align: justify;\">The EUDAT Collaborative Data Infrastructure (or EUDAT CDI) is\u00a0<strong>one of the largest infrastructures of integrated data services and resources supporting research in Europe</strong>.<strong>\u00a0</strong>It is sustained by a network of\u00a0<strong>more than 20 European research organisations, data and computing centres</strong>\u00a0that on September 2016 have signed an agreement to maintain the EUDAT CDI for the\u00a0<strong>next 10 years</strong>\u00a0and in 2018 have supported the establishment of the limited liability company,\u00a0<a href=\"https://www.eudat.eu/news/eudat-sets-up-new-ltd-company-to-sustain-its-activities-services\" rel=\"noopener\" style=\"color: #e5601e; text-decoration-line: none; transition: color 0.25s ease 0s, opacity 0.25s ease 0s;\" target=\"_blank\"><strong>EUDAT Ltd</strong></a>.</p>\n<p style=\"margin: 0px 0px 10px; line- color: #444444; font-family: 'Open Sans'; font-size: 16px; background-color: #f9f9f9; text-align: justify;\">This infrastructure and its services have been developed in close collaboration with\u00a0<strong>over 50 research communities</strong>\u00a0spanning across many different scientific disciplines and involved at all stage of the design process.</p>\n<p style=\"margin: 0px 0px 10px; line- color: #444444; font-family: 'Open Sans'; font-size: 16px; background-color: #f9f9f9; text-align: justify;\">\u00a0</p>\n<h3 style=\"margin: 10px 0px; font-family: 'Open Sans'; line- color: #222222; text-rendering: optimizelegibility; font-size: 24.5px; background-color: #f9f9f9; text-align: justify;\">Our vision</h3>\n<p style=\"margin: 0px 0px 10px; line- color: #444444; font-family: 'Open Sans'; font-size: 16px; background-color: #f9f9f9; text-align: justify;\">EUDAT\u2019s vision is\u00a0<strong><em>Data is shared and preserved across borders and disciplines</em></strong>. Achieving this vision means enabling data stewardship within and between European research communities through a\u00a0<strong>Collaborative Data Infrastructure (CDI)</strong>, a common model and service infrastructure for managing data spanning all European research data centres and community data repositories.</p>\n<p style=\"margin: 0px 0px 10px; line- color: #444444; font-family: 'Open Sans'; font-size: 16px; background-color: #f9f9f9; text-align: justify;\">European researchers and practitioners from any research discipline can<strong>\u00a0preserve, find, access, and process data in a trusted environment, as part of the EUDAT Collaborative Data Infrastructure</strong>. EUDAT offers heterogeneous research data management services and storage resources, supporting multiple research communities as well as individuals, through a geographically distributed,\u00a0<a href=\"https://www.eudat.eu/eudat-cdi/members\" rel=\"noopener\" style=\"color: #e5601e; text-decoration-line: none; transition: color 0.25s ease 0s, opacity 0.25s ease 0s;\" target=\"_blank\">resilient network</a>\u00a0distributed across 15 European nations and data is stored alongside some of Europe\u2019s most powerful supercomputers.</p>\n<p style=\"margin: 0px 0px 10px; line- color: #444444; font-family: 'Open Sans'; font-size: 16px; background-color: #f9f9f9; text-align: justify;\">\u00a0</p>\n<h4 style=\"margin: 10px 0px; font-family: 'Open Sans'; line- color: #222222; text-rendering: optimizelegibility; font-size: 17.5px; background-color: #f9f9f9; text-align: justify;\">EUDAT &amp; the European Open Science Cloud (EOSC)</h4>\n<p style=\"margin: 0px 0px 10px; line- color: #444444; font-family: 'Open Sans'; font-size: 16px; background-color: #f9f9f9; text-align: justify;\">The EUDAT CDI supports the vision of the\u00a0<strong><a href=\"http://ec.europa.eu/research/openscience/index.cfm?pg=open-science-cloud\" rel=\"noopener\" style=\"color: #e5601e; text-decoration-line: none; transition: color 0.25s ease 0s, opacity 0.25s ease 0s;\" target=\"_blank\">European Open Science Cloud</a></strong>\u00a0offering open and seamless services for storage, management, analysis and re-use of research data, across borders and scientific disciplines. More on\u00a0<a href=\"https://eudat.eu/european-open-science-cloud\" rel=\"noopener\" style=\"color: #e5601e; text-decoration-line: none; transition: color 0.25s ease 0s, opacity 0.25s ease 0s;\" target=\"_blank\">EUDAT &amp; EOSC</a>.</p>\n<p style=\"margin: 0px 0px 10px; line- color: #444444; font-family: 'Open Sans'; font-size: 16px; background-color: #f9f9f9; text-align: justify;\">\u00a0</p>\n<h4 style=\"margin: 10px 0px; font-family: 'Open Sans'; line- color: #222222; text-rendering: optimizelegibility; font-size: 17.5px; background-color: #f9f9f9; text-align: justify;\">EUDAT &amp; the European Data Initiative (EDI)</h4>\n<p style=\"margin: 0px 0px 10px; line- color: #444444; font-family: 'Open Sans'; font-size: 16px; background-color: #f9f9f9; text-align: justify;\">All the EUDAT data and computing centers are key players in the\u00a0<a href=\"https://ec.europa.eu/digital-single-market/en/%20european-cloud-initiative\" rel=\"noopener\" style=\"color: #e5601e; text-decoration-line: none; transition: color 0.25s ease 0s, opacity 0.25s ease 0s;\" target=\"_blank\"><strong>European Data Initiative (EDI)</strong></a>. The EDI, once fully implemented, will underpin the European Open Science Cloud deploying the high-bandwidth networks and the supercomputing capacity necessary to effectively access and process large datasets stored in the cloud. This infrastructure will allow fully unlocking the value of Big Data and digital by default. More on\u00a0<a href=\"https://eudat.eu/european-data-initiative\" rel=\"noopener\" style=\"color: #e5601e; text-decoration-line: none; transition: color 0.25s ease 0s, opacity 0.25s ease 0s;\" target=\"_blank\">EUDAT &amp; EDI</a>.</p>\n<p style=\"margin: 0px 0px 10px; line- color: #444444; font-family: 'Open Sans'; font-size: 16px; background-color: #f9f9f9; text-align: justify;\">\u00a0</p>\n<h4 style=\"margin: 10px 0px; font-family: 'Open Sans'; line- color: #222222; text-rendering: optimizelegibility; font-size: 17.5px; background-color: #f9f9f9; text-align: justify;\">EUDAT &amp; the European High Performance Computing Joint Undertaking (EuroHPC)</h4>\n<p style=\"margin: 0px 0px 10px; line- color: #444444; font-family: 'Open Sans'; font-size: 16px; background-color: #f9f9f9; text-align: justify;\">In addition, in June 2019, the\u00a0<strong><a href=\"https://ec.europa.eu/digital-single-market/en/eurohpc-joint-undertaking\" rel=\"noopener\" style=\"color: #e5601e; text-decoration-line: none; transition: color 0.25s ease 0s, opacity 0.25s ease 0s;\" target=\"_blank\">European High Performance Computing Joint Undertaking</a></strong>\u00a0has announced the selection of eight sites for supercomputing centres across the EU. These new supercomputers will be made accessible to European researchers, industry and businesses, to develop new applications in areas such as artificial intelligence and personalised medicine, drug and material design, bio-engineering, weather forecasting, and combatting climate change. Three members of the EUDAT CDI (BSC, CINECA, CSC) are the organisations hosting the three pre-exascale supercomputers:\u00a0<a href=\"https://www.bsc.es/news/bsc-news/marenostrum-5-will-host-experimental-platform-create-supercomputing-technologies-%E2%80%9Cmade-europe%E2%80%9D\" rel=\"noopener\" style=\"color: #e5601e; text-decoration-line: none; transition: color 0.25s ease 0s, opacity 0.25s ease 0s;\" target=\"_blank\">Marenostrum 5</a>\u00a0(BSC),\u00a0<a href=\"https://www.cineca.it/en/hot-topics/Leonardo\" rel=\"noopener\" style=\"color: #e5601e; text-decoration-line: none; transition: color 0.25s ease 0s, opacity 0.25s ease 0s;\" target=\"_blank\">Leonardo</a>\u00a0(CINECA) and\u00a0<a href=\"https://datacenter.csc.fi/wp/about-lumi/\" rel=\"noopener\" style=\"color: #e5601e; text-decoration-line: none; transition: color 0.25s ease 0s, opacity 0.25s ease 0s;\" target=\"_blank\">LUMI</a>\u00a0(CSC Finland).</p>\n<p style=\"margin: 0px 0px 10px; line- color: #444444; font-family: 'Open Sans'; font-size: 16px; background-color: #f9f9f9; text-align: justify;\">\u00a0</p>\n<h4 style=\"margin: 10px 0px; font-family: 'Open Sans'; line- color: #222222; text-rendering: optimizelegibility; font-size: 17.5px; background-color: #f9f9f9; text-align: justify;\">EUDAT &amp; Open Access</h4>\n<p style=\"margin: 0px 0px 10px; line- color: #444444; font-family: 'Open Sans'; font-size: 16px; background-color: #f9f9f9; text-align: justify;\">The\u00a0<a href=\"https://www.gov.uk/government/publications/open-data-charter/g8-open-data-charter-and-technical-annex\" rel=\"noopener\" style=\"color: #e5601e; text-decoration-line: none; transition: color 0.25s ease 0s, opacity 0.25s ease 0s;\" target=\"_blank\">G8 Open Data Charter</a>\u00a0declares that \u201copen data are an untapped resource with huge potential to encourage the building of stronger, more interconnected societies that better meet the needs of our citizens and allow innovation and prosperity to flourish\u201d, and sets out five principles that will be the foundation for access to, and the release and re-use of, data made available by G8 governments. Science and research is recognised as one of the areas of high-value data. The European Commission published in 2011 a Communication entitled \u201c<a href=\"http://eur-lex.europa.eu/legal-content/EN/TXT/?uri=celex%3A52011DC0882\" rel=\"noopener\" style=\"color: #e5601e; text-decoration-line: none; transition: color 0.25s ease 0s, opacity 0.25s ease 0s;\" target=\"_blank\">Open data: An engine for innovation, growth and transparent governance</a>\u201d that singles out the acceleration of scientific progress as one of the reasons why open data is crucial for Europe. Funding agencies increasingly require open access to research data in the investigations that they support.<strong>\u00a0EUDAT itself aims to support sharing and reuse of open data through its services, while recognising that not all data will be completely unrestricted.</strong></p>", "epp_mri_2_logo": "https://www.eudat.eu/sites/default/files/Logo_eudat_CDI-03.png", "epp_mri_3_multimedia": "https://www.youtube.com/user/EUDATTraining", "main_contact": null, "public_contact": null, "epp_mti_1_life_cycle_status": "Operational", "epp_mti_2_certifications": null, "epp_oth_1_hosting_legal_entity": null, "epp_oth_2_participating_countries": "", "epp_oth_7_esfri_type": null, "epp_oth_12_national_roadmaps": null, "epp_cli_1_scientific_domain": ["5df3124a-b8af-44d3-9dbf-64f18022d8cd"], "epp_cli_2_scientific_subdomain": ["a68a80c8-dec1-4b36-8525-f7a69ff7cbf6"], "epp_oth_3_affiliations": [], "epp_oth_4_networks": [], "epp_oth_5_structure_type": [], "epp_oth_6_esfri_domain": [], "epp_oth_8_meril_scientific_domain": [], "epp_oth_9_meril_scientific_subdomain": [], "epp_oth_10_areas_of_activity": [], "epp_oth_11_societal_grand_challenges": []}}, {"model": "accounts.organisation", "pk": "df58c333-a020-4476-814e-8a0e3615d2e9", "fields": {"epp_bai_0_id": "SURF", "epp_bai_1_name": "SURF", "epp_bai_2_abbreviation": "SURF", "epp_bai_3_website": "https://www.surf.nl/", "epp_bai_4_legal_entity": true, "epp_bai_5_legal_status": null, "epp_cli_3_tags": "", "epp_loi_1_street_name_and_number": "Science Park 140 ", "epp_loi_2_postal_code": "1098 XG", "epp_loi_3_city": "Amsterdam", "epp_loi_4_region": null, "epp_loi_5_country_or_territory": "netherlands", "epp_mri_1_description": "<div class=\"textual\" style=\"box-sizing: inherit;  margin-bottom: 30px; align-self: flex-start; padding-top: 60px;\">\n<div class=\"body-text node-header-intro\" style=\"box-sizing: inherit; line- font-family: 'Proxima Soft', sans-serif; font-size: 2rem;\">\n<div class=\"field field--name-field-intro field--type-string-long field--label-hidden field__item\" style=\"box-sizing: inherit;\">Do you encounter limitations with your own systems? SURF offers researchers a wide range of services in the field of high performance computing (HPC): tens of thousands of times faster than your PC</div>\n</div>\n</div>", "epp_mri_2_logo": "add-surf.logo", "epp_mri_3_multimedia": null, "main_contact": "f1c1a507-81c4-46f5-9238-1fd09dd0afa6", "public_contact": "bc636212-4710-4aff-955e-ae46f9ddfcf2", "epp_mti_1_life_cycle_status": null, "epp_mti_2_certifications": null, "epp_oth_1_hosting_legal_entity": null, "epp_oth_2_participating_countries": "Europe", "epp_oth_7_esfri_type": null, "epp_oth_12_national_roadmaps": null, "epp_cli_1_scientific_domain": ["5df3124a-b8af-44d3-9dbf-64f18022d8cd"], "epp_cli_2_scientific_subdomain": ["003605bd-5252-4258-8d45-6356667b66fa"], "epp_oth_3_affiliations": [], "epp_oth_4_networks": [], "epp_oth_5_structure_type": [], "epp_oth_6_esfri_domain": [], "epp_oth_8_meril_scientific_domain": [], "epp_oth_9_meril_scientific_subdomain": [], "epp_oth_10_areas_of_activity": [], "epp_oth_11_societal_grand_challenges": []}}, {"model": "accounts.user", "pk": 1, "fields": {"password": "pbkdf2_sha256$36000$6xWoG9SVxsj3$uGdliRysThKccTFdeOSP60vcySKcg3AeF/8w/tsa72M=", "last_login": "2020-06-18T23:58:48Z", "is_superuser": false, "username": "superadmin", "email": "superadmin@localhost", "first_name": "Roger", "last_name": "Federer", "date_joined": "2020-06-18T14:32:45Z", "shibboleth_id": null, "role": "superadmin", "organisation": null, "is_staff": false, "is_active": true, "avatar": "", "groups": [], "user_permissions": [], "organisations": []}}, {"model": "accounts.user", "pk": 2, "fields": {"password": "pbkdf2_sha256$36000$6xWoG9SVxsj3$uGdliRysThKccTFdeOSP60vcySKcg3AeF/8w/tsa72M=", "last_login": null, "is_superuser": false, "username": "admin", "email": "admin@localhost", "first_name": "Novak", "last_name": "Novak", "date_joined": "2020-06-18T14:32:45Z", "shibboleth_id": null, "role": "admin", "organisation": null, "is_staff": false, "is_active": true, "avatar": "", "groups": [], "user_permissions": [], "organisations": []}}, {"model": "accounts.user", "pk": 3, "fields": {"password": "pbkdf2_sha256$36000$6xWoG9SVxsj3$uGdliRysThKccTFdeOSP60vcySKcg3AeF/8w/tsa72M=", "last_login": null, "is_superuser": false, "username": "observer", "email": "observer@localhost", "first_name": "Rafael", "last_name": "Nadal", "date_joined": "2020-06-18T14:32:45Z", "shibboleth_id": null, "role": "observer", "organisation": null, "is_staff": false, "is_active": true, "avatar": "", "groups": [], "user_permissions": [], "organisations": []}}, {"model": "accounts.user", "pk": 4, "fields": {"password": "pbkdf2_sha256$36000$6xWoG9SVxsj3$uGdliRysThKccTFdeOSP60vcySKcg3AeF/8w/tsa72M=", "last_login": null, "is_superuser": false, "username": "service_admin_1", "email": "serviceadmin1@localhost", "first_name": "Dominic", "last_name": "Thiem", "date_joined": "2020-06-18T14:32:45Z", "shibboleth_id": null, "role": "serviceadmin", "organisation": null, "is_staff": false, "is_active": true, "avatar": "", "groups": [], "user_permissions": [], "organisations": []}}, {"model": "accounts.user", "pk": 5, "fields": {"password": "pbkdf2_sha256$36000$6xWoG9SVxsj3$uGdliRysThKccTFdeOSP60vcySKcg3AeF/8w/tsa72M=", "last_login": null, "is_superuser": false, "username": "service_admin_2", "email": "serviceadmin2@localhost", "first_name": "Alexander", "last_name": "Zverev", "date_joined": "2020-06-18T14:32:45Z", "shibboleth_id": null, "role": "serviceadmin", "organisation": null, "is_staff": false, "is_active": true, "avatar": "", "groups": [], "user_permissions": [], "organisations": []}}, {"model": "accounts.user", "pk": 6, "fields": {"password": "", "last_login": "2020-05-14T12:34:48Z", "is_superuser": false, "username": "tasos@admin.grnet.gr", "email": "tasos@admin.grnet.gr", "first_name": "Anastasios", "last_name": "Lisgaras", "date_joined": "2020-05-12T07:31:29Z", "shibboleth_id": "86cd6f5b30220046275fcc80244adec16ddcb2c2ff7d123f067fe3485a0c6d14@egi.eu", "role": "serviceadmin", "organisation": "89216ca6-9740-4b71-86e4-d8d17ed4edf1", "is_staff": false, "is_active": true, "avatar": "", "groups": [], "user_permissions": [], "organisations": []}}, {"model": "accounts.user", "pk": 7, "fields": {"password": "", "last_login": "2020-06-12T07:27:08Z", "is_superuser": false, "username": "kkoum@admin.grnet.gr", "email": "kkoum@admin.grnet.gr", "first_name": "Kostas", "last_name": "Koumantaros", "date_joined": "2020-05-12T07:47:05Z", "shibboleth_id": "08c534ad6d117df333396cf62ef57fd998958ece447a1b26e1f0684cb42fb9d1@egi.eu", "role": "superadmin", "organisation": null, "is_staff": false, "is_active": true, "avatar": "", "groups": [], "user_permissions": [], "organisations": []}}, {"model": "accounts.user", "pk": 8, "fields": {"password": "pbkdf2_sha256$36000$bIyvNBYhpEHH$CxWDLAH1CkZxoBDjeU7oz3kFhX9rTbI46q+BwgQH980=", "last_login": "2020-05-13T07:07:06Z", "is_superuser": false, "username": "owen", "email": "owen@agora.com", "first_name": "Owen", "last_name": "Appleton", "date_joined": "2020-05-12T17:25:11Z", "shibboleth_id": null, "role": "superadmin", "organisation": "89216ca6-9740-4b71-86e4-d8d17ed4edf1", "is_staff": false, "is_active": true, "avatar": "", "groups": [], "user_permissions": [], "organisations": []}}, {"model": "accounts.user", "pk": 9, "fields": {"password": "pbkdf2_sha256$36000$5ZnffSVmIEeh$rp92Do8gDCpHY4JZNpyBlKTlrehHPHyzOjMDzjL5tWM=", "last_login": "2020-05-14T12:59:02Z", "is_superuser": false, "username": "mark", "email": "mark@agora.com", "first_name": "Mark", "last_name": " Van De Sanden", "date_joined": "2020-05-12T17:25:52Z", "shibboleth_id": null, "role": "superadmin", "organisation": "89baefa0-fe82-4166-a206-408f94af78b6", "is_staff": false, "is_active": true, "avatar": "", "groups": [], "user_permissions": [], "organisations": []}}, {"model": "accounts.user", "pk": 10, "fields": {"password": "", "last_login": "2020-05-13T08:09:53Z", "is_superuser": false, "username": "owen.appleton@egi.eu", "email": "owen.appleton@egi.eu", "first_name": "Owen", "last_name": "Appleton", "date_joined": "2020-05-13T08:09:53Z", "shibboleth_id": "140a36eaaa0f943bb517b97c9c4b3002048265009010e1259261ae6d21ef6367@egi.eu", "role": "superadmin", "organisation": null, "is_staff": false, "is_active": true, "avatar": "", "groups": [], "user_permissions": [], "organisations": []}}, {"model": "accounts.user", "pk": 11, "fields": {"password": "", "last_login": "2020-05-21T06:41:23Z", "is_superuser": false, "username": "nliam@grnet.gr", "email": "nliam@grnet.gr", "first_name": "Nicolas", "last_name": "Liampotis", "date_joined": "2020-05-21T06:41:21Z", "shibboleth_id": "ab690013949a22a64ec41dea2c249d6907e862d043a6cab34f7cffe21003dc5f@egi.eu", "role": "observer", "organisation": null, "is_staff": false, "is_active": true, "avatar": "", "groups": [], "user_permissions": [], "organisations": []}}, {"model": "accounts.user", "pk": 12, "fields": {"password": "", "last_login": "2020-05-21T06:43:18Z", "is_superuser": false, "username": "ioigoume@admin.grnet.gr", "email": "ioigoume@admin.grnet.gr", "first_name": "Ioannis", "last_name": "Igoumenos", "date_joined": "2020-05-21T06:43:18Z", "shibboleth_id": "1970bbbc26ed07c2859a4af9389e7892b0729fbe04431ccda11fda27490902c9@egi.eu", "role": "observer", "organisation": null, "is_staff": false, "is_active": true, "avatar": "", "groups": [], "user_permissions": [], "organisations": []}}, {"model": "accounts.user", "pk": 13, "fields": {"password": "", "last_login": "2020-06-02T16:19:09Z", "is_superuser": false, "username": "themis@admin.grnet.gr", "email": "themis@admin.grnet.gr", "first_name": "Themis", "last_name": "Zamani", "date_joined": "2020-06-02T16:19:08Z", "shibboleth_id": "da2c689aee1fd6f36186286afa4aec8314cdc446f186fbd3bdfbc8c0f152822c@egi.eu", "role": "observer", "organisation": null, "is_staff": false, "is_active": true, "avatar": "", "groups": [], "user_permissions": [], "organisations": []}}, {"model": "service.resourceadminship", "pk": 1, "fields": {"resource": "12f8e71a-53bf-4a4d-ba91-615bf8531ff6", "admin": 1, "state": "approved", "created_at": "2020-05-12T09:22:33Z", "updated_at": "2020-05-12T09:22:33Z"}}, {"model": "service.resourceadminship", "pk": 2, "fields": {"resource": "abfd63cc-b0c7-427b-a808-e37521527bc0", "admin": 1, "state": "approved", "created_at": "2020-05-12T14:28:39Z", "updated_at": "2020-05-12T14:28:39Z"}}, {"model": "service.resourceadminship", "pk": 3, "fields": {"resource": "e3c9afc4-6426-4e0a-9488-d797896f8df7", "admin": 4, "state": "approved", "created_at": "2020-05-13T06:59:14Z", "updated_at": "2020-05-13T06:59:14Z"}}, {"model": "authtoken.token", "pk": "2bb0640823ea5e4394d35e2ba88b4de6dbed99c3", "fields": {"user": 12, "created": "2020-05-21T06:43:18Z"}}, {"model": "authtoken.token", "pk": "3505956ffca9343fb237f51291c193bc2d6023cf", "fields": {"user": 13, "created": "2020-06-02T16:19:09Z"}}, {"model": "authtoken.token", "pk": "3cdfbcefdc3943ae69316441b3feef717830c587", "fields": {"user": 9, "created": "2020-05-12T18:33:15Z"}}, {"model": "authtoken.token", "pk": "63bd6799a7ca2a671e52747b990c3e2d7233eae9", "fields": {"user": 7, "created": "2020-05-12T07:47:06Z"}}, {"model": "authtoken.token", "pk": "8d2d5f6556999447b88b23d8b7c9d3d32be59503", "fields": {"user": 1, "created": "2020-05-11T13:41:50Z"}}, {"model": "authtoken.token", "pk": "98a528ffd1b9f5512b4ae0083e3818952d2a4264", "fields": {"user": 4, "created": "2020-05-13T06:54:54Z"}}, {"model": "authtoken.token", "pk": "a952d01837ac2205243528e672134ec6abbc1bb2", "fields": {"user": 8, "created": "2020-05-13T07:07:06Z"}}, {"model": "authtoken.token", "pk": "b73884845064f53b6e7b6f63613b53202df94a19", "fields": {"user": 6, "created": "2020-05-12T07:31:29Z"}}, {"model": "authtoken.token", "pk": "bdad36e3c2833340ecfc320525317f476d6d1aa3", "fields": {"user": 3, "created": "2020-06-04T07:25:26Z"}}, {"model": "authtoken.token", "pk": "cff68d0797f9cb08c1084ac69970739aa4896513", "fields": {"user": 11, "created": "2020-05-21T06:41:23Z"}}, {"model": "authtoken.token", "pk": "fdca40c5682682719ea69b2cb379ab600923907d", "fields": {"user": 10, "created": "2020-05-13T08:09:53Z"}}]